Make,Model,AverageCityMPG,AverageHighwayMPG,Cmb MPG,Greenhouse Gas Score,SmartWay,Comb CO2
ACURA,Integra,30,37,33,6,No,269
ACURA,Integra,30,37,33,6,No,269
ACURA,Integra,26,36,30,6,No,293
ACURA,Integra,26,36,30,6,No,293
ACURA,Integra,29,36,32,6,No,277
ACURA,Integra,29,36,32,6,No,277
ACURA,MDX,19,26,22,5,No,411
ACURA,MDX,19,26,22,5,No,411
ACURA,MDX,19,25,21,4,No,423
ACURA,MDX,19,25,21,4,No,423
ACURA,MDX,17,21,19,4,No,474
ACURA,MDX,17,21,19,4,No,474
ACURA,RDX,22,28,24,5,No,370
ACURA,RDX,22,28,24,5,No,370
ACURA,RDX,21,27,23,5,No,385
ACURA,RDX,21,27,23,5,No,385
ACURA,RDX,22,27,24,5,No,375
ACURA,RDX,22,27,24,5,No,375
ACURA,RDX,21,26,23,5,No,388
ACURA,RDX,21,26,23,5,No,388
ACURA,TLX,22,31,25,5,No,352
ACURA,TLX,22,31,25,5,No,352
ACURA,TLX,21,29,24,5,No,369
ACURA,TLX,21,29,24,5,No,369
ACURA,TLX,21,29,24,5,No,371
ACURA,TLX,21,29,24,5,No,371
ACURA,TLX,22,30,25,5,No,357
ACURA,TLX,22,30,25,5,No,357
ACURA,TLX,19,25,21,4,No,420
ACURA,TLX,19,25,21,4,No,420
ACURA,TLX,19,24,21,4,No,421
ACURA,TLX,19,24,21,4,No,421
ALFA,ROMEO,24,33,27,5,No,330
ALFA,ROMEO,24,33,27,5,No,330
ALFA,ROMEO,17,25,20,4,No,436
ALFA,ROMEO,17,25,20,4,No,436
ALFA,ROMEO,23,31,26,5,No,348
ALFA,ROMEO,23,31,26,5,No,348
ALFA,ROMEO,22,29,25,5,No,359
ALFA,ROMEO,22,29,25,5,No,359
ALFA,ROMEO,22,28,24,5,No,364
ALFA,ROMEO,22,28,24,5,No,364
ALFA,ROMEO,17,23,19,4,No,463
ALFA,ROMEO,17,23,19,4,No,463
ASTON,MARTIN,14,22,17,3,No,522
ASTON,MARTIN,14,22,17,3,No,522
ASTON,MARTIN,18,24,20,4,No,431
ASTON,MARTIN,18,24,20,4,No,431
ASTON,MARTIN,14,22,17,3,No,522
ASTON,MARTIN,14,22,17,3,No,522
ASTON,MARTIN,15,20,17,3,No,536
ASTON,MARTIN,15,20,17,3,No,536
ASTON,MARTIN,14,20,16,3,No,556
ASTON,MARTIN,14,20,16,3,No,556
ASTON,MARTIN,14,22,16,3,No,548
ASTON,MARTIN,14,22,16,3,No,548
ASTON,MARTIN,18,24,20,4,No,435
ASTON,MARTIN,18,24,20,4,No,435
AUDI,A3,28,38,32,6,No,276
AUDI,A3,28,38,32,6,No,276
AUDI,A3,27,35,30,6,No,294
AUDI,A3,27,35,30,6,No,294
AUDI,A4,24,33,28,6,No,322
AUDI,A4,24,33,28,6,No,322
AUDI,A4,23,30,26,5,No,344
AUDI,A4,23,30,26,5,No,344
AUDI,A4,24,32,27,5,No,326
AUDI,A4,24,32,27,5,No,326
AUDI,A5,24,32,27,5,No,326
AUDI,A5,24,32,27,5,No,326
AUDI,A5,24,31,26,5,No,334
AUDI,A5,24,31,26,5,No,334
AUDI,A5,24,32,27,5,No,326
AUDI,A5,24,32,27,5,No,326
AUDI,A5,24,33,28,6,No,322
AUDI,A5,24,33,28,6,No,322
AUDI,A6,24,31,27,5,No,334
AUDI,A6,24,31,27,5,No,334
AUDI,A6,21,30,24,5,No,361
AUDI,A6,21,30,24,5,No,361
AUDI,A6,21,30,24,5,No,361
AUDI,A6,21,30,24,5,No,361
AUDI,A7,21,30,24,5,No,361
AUDI,A7,21,30,24,5,No,361
AUDI,A8,19,28,22,5,No,398
AUDI,A8,19,28,22,5,No,398
AUDI,Q3,22,29,25,5,No,361
AUDI,Q3,22,29,25,5,No,361
AUDI,Q3,21,28,24,5,No,375
AUDI,Q3,21,28,24,5,No,375
AUDI,Q4,30,36,33,10,Elite,0
AUDI,Q4,30,36,33,10,Elite,0
AUDI,Q4,100,89,95,10,Elite,0
AUDI,Q4,100,89,95,10,Elite,0
AUDI,Q4,97,87,93,10,Elite,0
AUDI,Q4,97,87,93,10,Elite,0
AUDI,Q5,22,29,25,5,No,358
AUDI,Q5,22,29,25,5,No,358
AUDI,Q5,22,29,25,5,No,358
AUDI,Q5,22,29,25,5,No,358
AUDI,Q5,25,27,26,9,Yes,148
AUDI,Q5,25,27,26,9,Yes,148
AUDI,Q5,23,29,25,5,No,350
AUDI,Q5,23,29,25,5,No,350
AUDI,Q7,19,25,21,4,No,414
AUDI,Q7,19,25,21,4,No,414
AUDI,Q7,18,22,20,4,No,453
AUDI,Q7,18,22,20,4,No,453
AUDI,Q8,18,23,20,4,No,439
AUDI,Q8,18,23,20,4,No,439
AUDI,R8,14,23,17,3,No,515
AUDI,R8,14,23,17,3,No,515
AUDI,R8,13,18,15,2,No,580
AUDI,R8,13,18,15,2,No,580
AUDI,R8,14,21,17,3,No,527
AUDI,R8,14,21,17,3,No,527
AUDI,R8,14,23,17,3,No,515
AUDI,R8,14,23,17,3,No,515
AUDI,R8,13,18,15,2,No,580
AUDI,R8,13,18,15,2,No,580
AUDI,RS,14,21,17,3,No,532
AUDI,RS,14,21,17,3,No,532
AUDI,RS,14,21,17,3,No,532
AUDI,RS,14,21,17,3,No,532
AUDI,RS,13,20,16,3,No,562
AUDI,RS,13,20,16,3,No,562
AUDI,RS,79,82,81,10,Elite,0
AUDI,RS,79,82,81,10,Elite,0
AUDI,RS5,18,26,21,4,No,429
AUDI,RS5,18,26,21,4,No,429
AUDI,RS5,18,25,21,4,No,430
AUDI,RS5,18,25,21,4,No,430
AUDI,S3,23,32,26,5,No,334
AUDI,S3,23,32,26,5,No,334
AUDI,S4,21,30,24,5,No,364
AUDI,S4,21,30,24,5,No,364
AUDI,S5,21,28,23,5,No,375
AUDI,S5,21,28,23,5,No,375
AUDI,S5,21,30,24,5,No,364
AUDI,S5,21,30,24,5,No,364
AUDI,S5,21,30,24,5,No,364
AUDI,S5,21,30,24,5,No,364
AUDI,S6,19,26,22,5,No,408
AUDI,S6,19,26,22,5,No,408
AUDI,S7,19,26,22,5,No,408
AUDI,S7,19,26,22,5,No,408
AUDI,S8,15,23,18,4,No,503
AUDI,S8,15,23,18,4,No,503
AUDI,SQ5,19,24,21,4,No,422
AUDI,SQ5,19,24,21,4,No,422
AUDI,SQ5,19,24,21,4,No,422
AUDI,SQ5,19,24,21,4,No,422
AUDI,SQ7,14,20,17,3,No,532
AUDI,SQ7,14,20,17,3,No,532
AUDI,SQ8,14,20,17,3,No,532
AUDI,SQ8,14,20,17,3,No,532
AUDI,TT,23,30,25,5,No,347
AUDI,TT,23,30,25,5,No,347
AUDI,TT,23,30,25,5,No,347
AUDI,TT,23,30,25,5,No,347
AUDI,TTS,23,31,26,5,No,337
AUDI,TTS,23,31,26,5,No,337
AUDI,e-tron,81,83,82,10,Elite,0
AUDI,e-tron,81,83,82,10,Elite,0
AUDI,e-tron,72,75,73,10,Elite,0
AUDI,e-tron,72,75,73,10,Elite,0
AUDI,e-tron,62,64,63,10,Elite,0
AUDI,e-tron,62,64,63,10,Elite,0
AUDI,e-tron,73,78,75,10,Elite,0
AUDI,e-tron,73,78,75,10,Elite,0
AUDI,e-tron,64,66,65,10,Elite,0
AUDI,e-tron,64,66,65,10,Elite,0
AUDI,e-tron,77,80,78,10,Elite,0
AUDI,e-tron,77,80,78,10,Elite,0
AUDI,e-tron,78,79,79,10,Elite,0
AUDI,e-tron,78,79,79,10,Elite,0
BENTLEY,Bentayga,14,21,17,3,No,527
BENTLEY,Bentayga,14,21,17,3,No,527
BENTLEY,Bentayga,14,21,17,3,No,527
BENTLEY,Bentayga,14,21,17,3,No,527
BENTLEY,Bentayga,18,24,20,7,No,222
BENTLEY,Bentayga,18,24,20,7,No,222
BENTLEY,Bentayga,12,19,14,2,No,617
BENTLEY,Bentayga,12,19,14,2,No,617
BENTLEY,Chiron,9,14,11,1,No,840
BENTLEY,Chiron,9,14,11,1,No,840
BENTLEY,Continental,15,23,18,4,No,494
BENTLEY,Continental,15,23,18,4,No,494
BENTLEY,Continental,15,22,18,4,No,508
BENTLEY,Continental,15,22,18,4,No,508
BENTLEY,Continental,12,18,14,2,No,636
BENTLEY,Continental,12,18,14,2,No,636
BENTLEY,Continental,12,20,15,2,No,610
BENTLEY,Continental,12,20,15,2,No,610
BENTLEY,Flying,15,22,17,3,No,514
BENTLEY,Flying,15,22,17,3,No,514
BENTLEY,Flying,12,19,15,2,No,601
BENTLEY,Flying,12,19,15,2,No,601
BENTLEY,Flying,17,22,19,7,No,251
BENTLEY,Flying,17,22,19,7,No,251
BMW,228i,24,34,28,6,No,315
BMW,228i,24,34,28,6,No,315
BMW,228i,23,33,27,5,No,330
BMW,228i,23,33,27,5,No,330
BMW,230i,26,35,29,6,No,300
BMW,230i,26,35,29,6,No,300
BMW,230i,26,35,29,6,No,300
BMW,230i,24,34,28,6,No,314
BMW,230i,24,34,28,6,No,314
BMW,230i,24,34,28,6,No,314
BMW,330e,24,32,27,9,Yes,158
BMW,330e,24,32,27,9,Yes,158
BMW,330e,22,32,26,9,Yes,172
BMW,330e,22,32,26,9,Yes,172
BMW,330i,25,34,29,6,No,308
BMW,330i,25,34,29,6,No,308
BMW,330i,24,33,27,5,No,322
BMW,330i,24,33,27,5,No,322
BMW,430i,25,34,28,6,No,313
BMW,430i,25,34,28,6,No,313
BMW,430i,23,33,27,5,No,327
BMW,430i,23,33,27,5,No,327
BMW,430i,25,34,28,6,No,313
BMW,430i,25,34,28,6,No,313
BMW,430i,23,33,27,5,No,327
BMW,430i,23,33,27,5,No,327
BMW,430i,25,34,28,6,No,313
BMW,430i,25,34,28,6,No,313
BMW,430i,23,33,27,5,No,329
BMW,430i,23,33,27,5,No,329
BMW,530e,24,29,26,8,Yes,179
BMW,530e,24,29,26,8,Yes,179
BMW,530e,22,28,25,8,Yes,203
BMW,530e,22,28,25,8,Yes,203
BMW,530i,25,33,28,6,No,313
BMW,530i,25,33,28,6,No,313
BMW,530i,23,32,26,5,No,332
BMW,530i,23,32,26,5,No,332
BMW,540i,25,32,27,5,No,322
BMW,540i,25,32,27,5,No,322
BMW,540i,22,29,25,5,No,352
BMW,540i,22,29,25,5,No,352
BMW,740i,25,31,27,5,No,324
BMW,740i,25,31,27,5,No,324
BMW,760i,18,26,21,4,No,420
BMW,760i,18,26,21,4,No,420
BMW,840i,21,29,24,5,No,374
BMW,840i,21,29,24,5,No,374
BMW,840i,21,29,24,5,No,373
BMW,840i,21,29,24,5,No,373
BMW,840i,21,29,24,5,No,374
BMW,840i,21,29,24,5,No,374
BMW,840i,21,29,24,5,No,373
BMW,840i,21,29,24,5,No,373
BMW,840i,21,29,24,5,No,373
BMW,840i,21,29,24,5,No,373
BMW,840i,21,29,24,5,No,373
BMW,840i,21,29,24,5,No,373
BMW,ALPINA,17,24,19,4,No,457
BMW,ALPINA,17,24,19,4,No,457
BMW,Alpina,16,20,17,3,No,506
BMW,Alpina,16,20,17,3,No,506
BMW,M2,16,24,19,4,No,461
BMW,M2,16,24,19,4,No,461
BMW,M2,16,23,19,4,No,472
BMW,M2,16,23,19,4,No,472
BMW,M235i,24,33,27,5,No,324
BMW,M235i,24,33,27,5,No,324
BMW,M235i,24,33,27,5,No,324
BMW,M240i,22,32,26,5,No,343
BMW,M240i,22,32,26,5,No,343
BMW,M240i,23,32,26,5,No,338
BMW,M240i,23,32,26,5,No,338
BMW,M3,16,23,19,4,No,472
BMW,M3,16,23,19,4,No,472
BMW,M3,16,23,19,4,No,470
BMW,M3,16,23,19,4,No,470
BMW,M3,16,22,18,4,No,477
BMW,M3,16,22,18,4,No,477
BMW,M340i,23,31,26,5,No,340
BMW,M340i,23,31,26,5,No,340
BMW,M340i,23,32,26,5,No,339
BMW,M340i,23,32,26,5,No,339
BMW,M4,16,23,18,4,No,485
BMW,M4,16,23,18,4,No,485
BMW,M4,16,23,19,4,No,470
BMW,M4,16,23,19,4,No,470
BMW,M4,16,22,18,4,No,477
BMW,M4,16,22,18,4,No,477
BMW,M4,16,23,18,4,No,484
BMW,M4,16,23,18,4,No,484
BMW,M4,16,23,19,4,No,472
BMW,M4,16,23,19,4,No,472
BMW,M440i,24,32,27,5,No,325
BMW,M440i,24,32,27,5,No,325
BMW,M440i,22,31,25,5,No,348
BMW,M440i,22,31,25,5,No,348
BMW,M440i,23,31,26,5,No,340
BMW,M440i,23,31,26,5,No,340
BMW,M440i,24,32,27,5,No,325
BMW,M440i,24,32,27,5,No,325
BMW,M440i,22,31,25,5,No,348
BMW,M440i,22,31,25,5,No,348
BMW,M440i,22,31,25,5,No,348
BMW,M440i,22,31,25,5,No,348
BMW,M5,15,21,17,3,No,522
BMW,M5,15,21,17,3,No,522
BMW,M5,15,21,17,3,No,522
BMW,M5,15,21,17,3,No,522
BMW,M550i,17,25,20,4,No,446
BMW,M550i,17,25,20,4,No,446
BMW,M8,15,22,17,3,No,517
BMW,M8,15,22,17,3,No,517
BMW,M8,15,22,17,3,No,517
BMW,M8,15,22,17,3,No,517
BMW,M8,15,22,17,3,No,517
BMW,M8,15,22,17,3,No,517
BMW,M850i,17,24,19,4,No,457
BMW,M850i,17,24,19,4,No,457
BMW,M850i,17,24,19,4,No,457
BMW,M850i,17,24,19,4,No,457
BMW,M850i,17,24,19,4,No,457
BMW,M850i,17,24,19,4,No,457
BMW,X1,25,34,28,6,No,313
BMW,X1,25,34,28,6,No,313
BMW,X2,24,31,27,5,No,333
BMW,X2,24,31,27,5,No,333
BMW,X2,24,31,27,5,No,333
BMW,X2,24,32,27,5,No,329
BMW,X2,24,32,27,5,No,329
BMW,X2,24,31,27,5,No,333
BMW,X2,24,31,27,5,No,333
BMW,X3,15,20,17,3,No,519
BMW,X3,15,20,17,3,No,519
BMW,X3,15,20,17,3,No,519
BMW,X3,15,20,17,3,No,519
BMW,X3,21,26,23,5,No,378
BMW,X3,21,26,23,5,No,378
BMW,X3,23,29,25,5,No,352
BMW,X3,23,29,25,5,No,352
BMW,X3,21,28,24,5,No,369
BMW,X3,21,28,24,5,No,369
BMW,X4,15,20,17,3,No,519
BMW,X4,15,20,17,3,No,519
BMW,X4,15,20,17,3,No,519
BMW,X4,15,20,17,3,No,519
BMW,X4,21,26,23,5,No,378
BMW,X4,21,26,23,5,No,378
BMW,X4,21,28,24,5,No,369
BMW,X4,21,28,24,5,No,369
BMW,X5,13,18,15,2,No,586
BMW,X5,13,18,15,2,No,586
BMW,X5,13,18,15,2,No,586
BMW,X5,13,18,15,2,No,586
BMW,X5,16,22,18,4,No,486
BMW,X5,16,22,18,4,No,486
BMW,X5,21,26,23,5,No,383
BMW,X5,21,26,23,5,No,383
BMW,X5,21,25,23,5,No,389
BMW,X5,21,25,23,5,No,389
BMW,X5,19,22,20,8,Yes,177
BMW,X5,19,22,20,8,Yes,177
BMW,X6,13,18,15,2,No,586
BMW,X6,13,18,15,2,No,586
BMW,X6,13,18,15,2,No,586
BMW,X6,13,18,15,2,No,586
BMW,X6,16,22,18,4,No,486
BMW,X6,16,22,18,4,No,486
BMW,X6,21,25,23,5,No,389
BMW,X6,21,25,23,5,No,389
BMW,X7,16,21,18,4,No,481
BMW,X7,16,21,18,4,No,481
BMW,X7,21,25,22,5,No,392
BMW,X7,21,25,22,5,No,392
BMW,XM,12,17,14,7,Yes,244
BMW,XM,12,17,14,7,Yes,244
BMW,Z4,25,33,28,6,No,312
BMW,Z4,25,33,28,6,No,312
BMW,Z4,23,31,26,5,No,338
BMW,Z4,23,31,26,5,No,338
BMW,i4,94,98,96,10,Elite,0
BMW,i4,94,98,96,10,Elite,0
BMW,i4,79,80,80,10,Elite,0
BMW,i4,79,80,80,10,Elite,0
BMW,i4,107,102,105,10,Elite,0
BMW,i4,107,102,105,10,Elite,0
BMW,i4,115,111,113,10,Elite,0
BMW,i4,115,111,113,10,Elite,0
BMW,i4,109,108,109,10,Elite,0
BMW,i4,109,108,109,10,Elite,0
BMW,i4,100,98,99,10,Elite,0
BMW,i4,100,98,99,10,Elite,0
BMW,i7,87,92,89,10,Elite,0
BMW,i7,87,92,89,10,Elite,0
BMW,i7,81,85,83,10,Elite,0
BMW,i7,81,85,83,10,Elite,0
BMW,i7,85,89,87,10,Elite,0
BMW,i7,85,89,87,10,Elite,0
BMW,iX,76,80,77,10,Elite,0
BMW,iX,76,80,77,10,Elite,0
BMW,iX,77,80,78,10,Elite,0
BMW,iX,77,80,78,10,Elite,0
BMW,iX,86,87,86,10,Elite,0
BMW,iX,86,87,86,10,Elite,0
BMW,iX,82,84,83,10,Elite,0
BMW,iX,82,84,83,10,Elite,0
BMW,iX,86,85,86,10,Elite,0
BMW,iX,86,85,86,10,Elite,0
BUGATTI,Chiron,8,11,9,1,No,979
BUGATTI,Chiron,8,11,9,1,No,979
BUGATTI,Chiron,8,11,9,1,No,979
BUGATTI,Chiron,8,11,9,1,No,979
BUICK,Enclave,18,26,21,4,No,424
BUICK,Enclave,18,26,21,4,No,424
BUICK,Enclave,17,25,20,4,No,448
BUICK,Enclave,17,25,20,4,No,448
BUICK,Encore,29,31,30,6,No,296
BUICK,Encore,29,31,30,6,No,296
BUICK,Encore,26,29,27,5,No,324
BUICK,Encore,26,29,27,5,No,324
BUICK,Encore,29,32,30,6,No,297
BUICK,Encore,29,32,30,6,No,297
BUICK,Envision,23,31,26,5,No,337
BUICK,Envision,23,31,26,5,No,337
BUICK,Envision,22,29,25,5,No,355
BUICK,Envision,22,29,25,5,No,355
CADILLAC,CT4,23,34,27,5,No,331
CADILLAC,CT4,23,34,27,5,No,331
CADILLAC,CT4,22,31,26,5,No,348
CADILLAC,CT4,22,31,26,5,No,348
CADILLAC,CT4,21,31,25,5,No,356
CADILLAC,CT4,21,31,25,5,No,356
CADILLAC,CT4,21,29,24,5,No,371
CADILLAC,CT4,21,29,24,5,No,371
CADILLAC,CT4,20,29,23,5,No,385
CADILLAC,CT4,20,29,23,5,No,385
CADILLAC,CT4,20,28,23,5,No,387
CADILLAC,CT4,20,28,23,5,No,387
CADILLAC,CT4,15,23,18,4,No,488
CADILLAC,CT4,15,23,18,4,No,488
CADILLAC,CT4,16,24,19,4,No,478
CADILLAC,CT4,16,24,19,4,No,478
CADILLAC,CT5,23,33,27,5,No,333
CADILLAC,CT5,23,33,27,5,No,333
CADILLAC,CT5,22,30,25,5,No,358
CADILLAC,CT5,22,30,25,5,No,358
CADILLAC,CT5,19,27,22,5,No,405
CADILLAC,CT5,19,27,22,5,No,405
CADILLAC,CT5,18,26,21,4,No,419
CADILLAC,CT5,18,26,21,4,No,419
CADILLAC,CT5,18,27,21,4,No,423
CADILLAC,CT5,18,27,21,4,No,423
CADILLAC,CT5,13,21,15,2,No,592
CADILLAC,CT5,13,21,15,2,No,592
CADILLAC,CT5,13,21,16,3,No,558
CADILLAC,CT5,13,21,16,3,No,558
CADILLAC,Escalade,21,27,23,4,No,442
CADILLAC,Escalade,21,27,23,4,No,442
CADILLAC,Escalade,20,26,22,4,No,462
CADILLAC,Escalade,20,26,22,4,No,462
CADILLAC,Escalade,14,19,16,3,No,556
CADILLAC,Escalade,14,19,16,3,No,556
CADILLAC,Escalade,14,18,16,3,No,564
CADILLAC,Escalade,14,18,16,3,No,564
CADILLAC,Escalade,11,16,13,1,No,702
CADILLAC,Escalade,11,16,13,1,No,702
CADILLAC,Lyriq,97,82,89,10,Elite,0
CADILLAC,Lyriq,97,82,89,10,Elite,0
CADILLAC,Lyriq,96,81,89,10,Elite,0
CADILLAC,Lyriq,96,81,89,10,Elite,0
CADILLAC,XT4,23,30,26,5,No,341
CADILLAC,XT4,23,30,26,5,No,341
CADILLAC,XT4,22,29,24,5,No,370
CADILLAC,XT4,22,29,24,5,No,370
CADILLAC,XT5,22,29,24,5,No,370
CADILLAC,XT5,22,29,24,5,No,370
CADILLAC,XT5,21,27,23,5,No,386
CADILLAC,XT5,21,27,23,5,No,386
CADILLAC,XT5,19,26,21,4,No,419
CADILLAC,XT5,19,26,21,4,No,419
CADILLAC,XT5,18,25,21,4,No,426
CADILLAC,XT5,18,25,21,4,No,426
CADILLAC,XT6,21,27,23,5,No,386
CADILLAC,XT6,21,27,23,5,No,386
CADILLAC,XT6,21,26,23,5,No,386
CADILLAC,XT6,21,26,23,5,No,386
CADILLAC,XT6,19,26,21,4,No,419
CADILLAC,XT6,19,26,21,4,No,419
CADILLAC,XT6,18,25,21,4,No,433
CADILLAC,XT6,18,25,21,4,No,433
CHEVROLET,Blazer,22,29,25,5,No,365
CHEVROLET,Blazer,22,29,25,5,No,365
CHEVROLET,Blazer,22,27,24,5,No,368
CHEVROLET,Blazer,22,27,24,5,No,368
CHEVROLET,Blazer,19,27,22,5,No,404
CHEVROLET,Blazer,19,27,22,5,No,404
CHEVROLET,Blazer,19,26,21,4,No,417
CHEVROLET,Blazer,19,26,21,4,No,417
CHEVROLET,Bolt,125,104,115,10,Elite,0
CHEVROLET,Bolt,125,104,115,10,Elite,0
CHEVROLET,Bolt,131,109,120,10,Elite,0
CHEVROLET,Bolt,131,109,120,10,Elite,0
CHEVROLET,Camaro,19,28,22,5,No,401
CHEVROLET,Camaro,19,28,22,5,No,401
CHEVROLET,Camaro,22,30,25,5,No,360
CHEVROLET,Camaro,22,30,25,5,No,360
CHEVROLET,Camaro,16,26,20,4,No,453
CHEVROLET,Camaro,16,26,20,4,No,453
CHEVROLET,Camaro,18,29,22,5,No,407
CHEVROLET,Camaro,18,29,22,5,No,407
CHEVROLET,Camaro,14,20,16,3,No,559
CHEVROLET,Camaro,14,20,16,3,No,559
CHEVROLET,Camaro,16,24,19,4,No,477
CHEVROLET,Camaro,16,24,19,4,No,477
CHEVROLET,Camaro,13,21,16,3,No,571
CHEVROLET,Camaro,13,21,16,3,No,571
CHEVROLET,Camaro,16,26,20,4,No,453
CHEVROLET,Camaro,16,26,20,4,No,453
CHEVROLET,Corvette,16,24,19,4,No,475
CHEVROLET,Corvette,16,24,19,4,No,475
CHEVROLET,Corvette,12,21,15,2,No,597
CHEVROLET,Corvette,12,21,15,2,No,597
CHEVROLET,Corvette,12,19,14,2,No,631
CHEVROLET,Corvette,12,19,14,2,No,631
CHEVROLET,Equinox,26,31,28,6,No,317
CHEVROLET,Equinox,26,31,28,6,No,317
CHEVROLET,Equinox,24,30,26,5,No,340
CHEVROLET,Equinox,24,30,26,5,No,340
CHEVROLET,Malibu,27,35,30,6,No,292
CHEVROLET,Malibu,27,35,30,6,No,292
CHEVROLET,Silverado,19,21,20,4,No,453
CHEVROLET,Silverado,19,22,20,4,No,446
CHEVROLET,Silverado,19,21,20,4,No,453
CHEVROLET,Silverado,19,22,20,4,No,446
CHEVROLET,Silverado,18,21,19,4,No,459
CHEVROLET,Silverado,18,21,19,4,No,462
CHEVROLET,Silverado,18,21,19,4,No,459
CHEVROLET,Silverado,18,21,19,4,No,462
CHEVROLET,Silverado,24,29,26,5,No,396
CHEVROLET,Silverado,24,29,26,5,No,396
CHEVROLET,Silverado,22,27,24,4,No,423
CHEVROLET,Silverado,22,27,24,4,No,425
CHEVROLET,Silverado,22,27,24,4,No,423
CHEVROLET,Silverado,22,27,24,4,No,425
CHEVROLET,Silverado,12,15,13,4,No,472/496
CHEVROLET,Silverado,12,15,13,4,No,472/496
CHEVROLET,Silverado,16,20,18,4,No,500
CHEVROLET,Silverado,17,21,19,4,No,478
CHEVROLET,Silverado,15,18,16,3,No,553
CHEVROLET,Silverado,16,20,18,4,No,500
CHEVROLET,Silverado,17,21,19,4,No,478
CHEVROLET,Silverado,15,18,16,3,No,553
CHEVROLET,Silverado,11,14,12,3,No,512/524
CHEVROLET,Silverado,11,14,12,3,No,512/524
CHEVROLET,Silverado,15,19,17,3,No,535
CHEVROLET,Silverado,16,20,17,3,No,523
CHEVROLET,Silverado,15,17,16,3,No,564
CHEVROLET,Silverado,15,19,17,3,No,535
CHEVROLET,Silverado,16,20,17,3,No,523
CHEVROLET,Silverado,15,17,16,3,No,564
CHEVROLET,Silverado,16,20,17,3,No,513
CHEVROLET,Silverado,16,20,17,3,No,513
CHEVROLET,Silverado,17,18,17,3,No,512
CHEVROLET,Silverado,17,18,17,3,No,512
CHEVROLET,Silverado,21,23,22,4,No,463
CHEVROLET,Silverado,21,23,22,4,No,463
CHEVROLET,Silverado,11,14,12,3,No,512/524
CHEVROLET,Silverado,11,14,12,3,No,512/524
CHEVROLET,Silverado,15,18,16,3,No,552
CHEVROLET,Silverado,15,19,16,3,No,555
CHEVROLET,Silverado,15,18,16,3,No,552
CHEVROLET,Silverado,15,19,16,3,No,555
CHEVROLET,Silverado,14,18,16,3,No,567
CHEVROLET,Silverado,14,18,16,3,No,567
CHEVROLET,Silverado,14,17,15,2,No,585
CHEVROLET,Silverado,14,17,15,2,No,585
CHEVROLET,Suburban,21,27,23,4,No,442
CHEVROLET,Suburban,21,27,23,4,No,442
CHEVROLET,Suburban,20,26,22,4,No,462
CHEVROLET,Suburban,20,26,22,4,No,462
CHEVROLET,Suburban,15,20,17,3,No,527
CHEVROLET,Suburban,15,20,17,3,No,527
CHEVROLET,Suburban,15,19,16,3,No,545
CHEVROLET,Suburban,15,19,16,3,No,545
CHEVROLET,Suburban,14,20,16,3,No,555
CHEVROLET,Suburban,14,20,16,3,No,555
CHEVROLET,Suburban,14,18,16,3,No,564
CHEVROLET,Suburban,14,18,16,3,No,564
CHEVROLET,Tahoe,21,28,24,4,No,428
CHEVROLET,Tahoe,21,28,24,4,No,428
CHEVROLET,Tahoe,20,26,22,4,No,462
CHEVROLET,Tahoe,20,26,22,4,No,462
CHEVROLET,Tahoe,15,20,17,3,No,527
CHEVROLET,Tahoe,15,20,17,3,No,527
CHEVROLET,Tahoe,14,18,16,3,No,566
CHEVROLET,Tahoe,15,20,17,3,No,527
CHEVROLET,Tahoe,14,18,16,3,No,566
CHEVROLET,Tahoe,15,20,17,3,No,527
CHEVROLET,Tahoe,14,20,16,3,No,555
CHEVROLET,Tahoe,14,20,16,3,No,555
CHEVROLET,Tahoe,14,18,16,3,No,564
CHEVROLET,Tahoe,14,18,16,3,No,564
CHEVROLET,Trailblazer,29,31,30,6,No,296
CHEVROLET,Trailblazer,29,31,30,6,No,296
CHEVROLET,Trailblazer,26,30,28,6,No,320
CHEVROLET,Trailblazer,26,30,28,6,No,320
CHEVROLET,Trailblazer,29,33,31,6,No,290
CHEVROLET,Trailblazer,29,33,31,6,No,290
CHEVROLET,Traverse,18,27,21,4,No,417
CHEVROLET,Traverse,18,27,21,4,No,417
CHEVROLET,Traverse,17,25,20,4,No,448
CHEVROLET,Traverse,17,25,20,4,No,448
CHRYSLER,300,19,30,23,5,No,389
CHRYSLER,300,19,30,23,5,No,389
CHRYSLER,300,18,27,21,4,No,415
CHRYSLER,300,18,27,21,4,No,415
CHRYSLER,300,16,25,19,4,No,466
CHRYSLER,300,16,25,19,4,No,466
CHRYSLER,300,15,24,18,4,No,495
CHRYSLER,300,15,24,18,4,No,495
CHRYSLER,Pacifica,19,28,22,5,No,401
CHRYSLER,Pacifica,19,28,22,5,No,401
CHRYSLER,Pacifica,17,25,20,4,No,450
CHRYSLER,Pacifica,17,25,20,4,No,450
CHRYSLER,Pacifica,29,30,30,10,Yes,119
CHRYSLER,Pacifica,29,30,30,10,Yes,119
CHRYSLER,Voyager,19,28,22,5,No,401
CHRYSLER,Voyager,19,28,22,5,No,401
CRUISE,AV,64,68,66,10,Elite,0
CRUISE,AV,64,68,66,10,Elite,0
DODGE,Challenger,19,30,23,5,No,389
DODGE,Challenger,19,30,23,5,No,389
DODGE,Challenger,18,27,21,4,No,415
DODGE,Challenger,18,27,21,4,No,415
DODGE,Challenger,16,25,19,4,No,466
DODGE,Challenger,16,25,19,4,No,466
DODGE,Challenger,15,23,18,4,No,494
DODGE,Challenger,15,23,18,4,No,494
DODGE,Challenger,15,24,18,4,No,495
DODGE,Challenger,15,24,18,4,No,495
DODGE,Challenger,14,23,17,3,No,523
DODGE,Challenger,14,23,17,3,No,523
DODGE,Challenger,13,22,16,3,No,546
DODGE,Challenger,13,22,16,3,No,546
DODGE,Challenger,13,21,15,2,No,572
DODGE,Challenger,13,21,15,2,No,572
DODGE,Challenger,15,24,18,4,No,495
DODGE,Challenger,15,24,18,4,No,495
DODGE,Challenger,14,23,17,3,No,523
DODGE,Challenger,14,23,17,3,No,523
DODGE,Charger,19,30,23,5,No,389
DODGE,Charger,19,30,23,5,No,389
DODGE,Charger,18,27,21,4,No,415
DODGE,Charger,18,27,21,4,No,415
DODGE,Charger,16,25,19,4,No,466
DODGE,Charger,16,25,19,4,No,466
DODGE,Charger,15,24,18,4,No,495
DODGE,Charger,15,24,18,4,No,495
DODGE,Charger,12,21,15,2,No,592
DODGE,Charger,12,21,15,2,No,592
DODGE,Charger,15,24,18,4,No,495
DODGE,Charger,15,24,18,4,No,495
DODGE,Durango,19,26,21,4,No,416
DODGE,Durango,19,26,21,4,No,416
DODGE,Durango,18,25,21,4,No,430
DODGE,Durango,18,25,21,4,No,430
DODGE,Durango,14,22,17,3,No,525
DODGE,Durango,14,22,17,3,No,525
DODGE,Durango,14,22,17,3,No,533
DODGE,Durango,14,22,17,3,No,533
DODGE,Durango,12,17,13,1,No,659
DODGE,Durango,12,17,13,1,No,659
DODGE,Durango,13,19,15,2,No,584
DODGE,Durango,13,19,15,2,No,584
DODGE,Hornet,21,29,24,5,No,371
DODGE,Hornet,21,29,24,5,No,371
FERRARI,296,16,22,18,5,No,398
FERRARI,296,16,22,18,5,No,398
FERRARI,296,15,21,18,5,No,404
FERRARI,296,15,21,18,5,No,404
FERRARI,812,12,16,14,2,No,652
FERRARI,812,12,16,14,2,No,652
FERRARI,812,12,16,14,2,No,648
FERRARI,812,12,16,14,2,No,648
FERRARI,812,12,15,13,1,No,665
FERRARI,812,12,15,13,1,No,665
FERRARI,Daytona,12,16,13,1,No,660
FERRARI,Daytona,12,16,13,1,No,660
FERRARI,F8,15,18,16,3,No,552
FERRARI,F8,15,18,16,3,No,552
FERRARI,F8,15,19,16,3,No,541
FERRARI,F8,15,19,16,3,No,541
FERRARI,Monza,12,15,13,1,No,658
FERRARI,Monza,12,15,13,1,No,658
FERRARI,Portofino,16,23,19,4,No,471
FERRARI,Portofino,16,23,19,4,No,471
FERRARI,Roma,17,22,19,4,No,472
FERRARI,Roma,17,22,19,4,No,472
FERRARI,SF90,16,19,17,5,No,413
FERRARI,SF90,16,19,17,5,No,413
FERRARI,SF90,16,20,18,5,No,403
FERRARI,SF90,16,20,18,5,No,403
FIAT,500X,24,30,26,5,No,356
FIAT,500X,24,30,26,5,No,356
FORD,Bronco,20,21,20,4,No,440
FORD,Bronco,20,21,20,4,No,440
FORD,Bronco,20,21,20,4,No,439
FORD,Bronco,20,21,20,4,No,439
FORD,Bronco,19,21,20,4,No,454
FORD,Bronco,19,21,20,4,No,454
FORD,Bronco,16,17,17,3,No,523
FORD,Bronco,16,17,17,3,No,523
FORD,Bronco,17,17,17,3,No,523
FORD,Bronco,17,17,17,3,No,523
FORD,Bronco,17,17,17,3,No,530
FORD,Bronco,17,17,17,3,No,530
FORD,Bronco,16,18,17,3,No,523
FORD,Bronco,16,18,17,3,No,523
FORD,Bronco,18,18,18,4,No,494
FORD,Bronco,18,18,18,4,No,494
FORD,Bronco,18,18,18,4,No,494
FORD,Bronco,18,18,18,4,No,494
FORD,Bronco,15,16,15,2,No,577
FORD,Bronco,15,16,15,2,No,577
FORD,Bronco,16,18,17,3,No,523
FORD,Bronco,16,18,17,3,No,523
FORD,Bronco,18,17,18,4,No,494
FORD,Bronco,18,17,18,4,No,494
FORD,Bronco,17,17,17,3,No,531
FORD,Bronco,17,17,17,3,No,531
FORD,Bronco,25,28,26,5,No,342
FORD,Bronco,25,28,26,5,No,342
FORD,Bronco,21,26,23,5,No,387
FORD,Bronco,21,26,23,5,No,387
FORD,Edge,21,28,23,5,No,380
FORD,Edge,21,28,23,5,No,380
FORD,Edge,20,28,23,5,No,382
FORD,Edge,19,25,21,4,No,421
FORD,Edge,19,25,21,4,No,421
FORD,Escape,27,34,30,6,No,299
FORD,Escape,27,34,30,6,No,299
FORD,Escape,26,32,28,6,No,317
FORD,Escape,26,32,28,6,No,317
FORD,Escape,23,31,26,5,No,340
FORD,Escape,23,31,26,5,No,340
FORD,Escape,42,36,39,7,Yes,225
FORD,Escape,42,36,39,7,Yes,225
FORD,Escape,42,36,39,7,Yes,225
FORD,Escape,42,36,39,7,Yes,225
FORD,Escape,42,37,40,10,Yes,52
FORD,Escape,42,37,40,10,Yes,52
FORD,Expedition,16,23,19,4,No,468
FORD,Expedition,17,23,19,4,No,462
FORD,Expedition,16,23,19,4,No,468
FORD,Expedition,17,23,19,4,No,462
FORD,Expedition,16,21,18,4,No,494
FORD,Expedition,16,22,18,4,No,484
FORD,Expedition,16,21,18,4,No,494
FORD,Expedition,16,22,18,4,No,484
FORD,Expedition,15,19,17,3,No,523
FORD,Expedition,16,19,17,3,No,523
FORD,Expedition,15,19,17,3,No,523
FORD,Expedition,16,19,17,3,No,523
FORD,Explorer,20,28,23,5,No,385
FORD,Explorer,21,28,24,5,No,370
FORD,Explorer,20,28,23,5,No,385
FORD,Explorer,21,28,24,5,No,370
FORD,Explorer,20,26,22,5,No,404
FORD,Explorer,20,27,23,5,No,387
FORD,Explorer,20,26,22,5,No,404
FORD,Explorer,20,27,23,5,No,387
FORD,Explorer,18,26,21,4,No,428
FORD,Explorer,18,26,21,4,No,428
FORD,Explorer,17,24,20,4,No,451
FORD,Explorer,18,24,20,4,No,444
FORD,Explorer,17,24,20,4,No,451
FORD,Explorer,18,24,20,4,No,444
FORD,Explorer,18,25,20,4,No,438
FORD,Explorer,18,25,20,4,No,438
FORD,Explorer,17,24,20,4,No,454
FORD,Explorer,18,24,20,4,No,445
FORD,Explorer,17,24,20,4,No,454
FORD,Explorer,18,24,20,4,No,445
FORD,Explorer,13,18,15,4,No,428/444
FORD,Explorer,13,18,15,4,No,428/444
FORD,Explorer,27,28,27,5,No,324
FORD,Explorer,27,28,27,5,No,324
FORD,Explorer,23,26,25,5,No,361
FORD,Explorer,23,26,25,5,No,361
FORD,Explorer,25,26,26,5,No,342
FORD,Explorer,25,26,26,5,No,342
FORD,Explorer,23,24,23,5,No,379
FORD,Explorer,23,24,23,5,No,379
FORD,Explorer,19,21,20,4,No,445
FORD,Explorer,19,22,21,4,No,433
FORD,Explorer,19,21,20,4,No,445
FORD,Explorer,19,22,21,4,No,433
FORD,F150,18,25,21,4,No,431
FORD,F150,20,26,22,5,No,405
FORD,F150,18,25,21,4,No,431
FORD,F150,20,26,22,5,No,405
FORD,F150,17,23,20,4,No,451
FORD,F150,18,24,20,4,No,435
FORD,F150,17,23,20,4,No,451
FORD,F150,18,24,20,4,No,435
FORD,F150,18,24,21,4,No,432
FORD,F150,18,24,21,4,No,432
FORD,F150,17,23,19,4,No,470
FORD,F150,18,23,20,4,No,451
FORD,F150,17,23,19,4,No,470
FORD,F150,18,23,20,4,No,451
FORD,F150,13,19,15,4,No,401/443
FORD,F150,14,18,16,4,No,399/423
FORD,F150,13,19,15,4,No,401/443
FORD,F150,14,18,16,4,No,399/423
FORD,F150,14,18,15,4,No,408/444
FORD,F150,14,18,15,4,No,408/444
FORD,F150,12,18,14,4,No,445/465
FORD,F150,12,19,15,4,No,421/453
FORD,F150,12,18,14,4,No,445/465
FORD,F150,12,19,15,4,No,421/453
FORD,F150,12,17,14,4,No,450/495
FORD,F150,12,17,14,4,No,439/468
FORD,F150,12,17,14,4,No,450/495
FORD,F150,12,17,14,4,No,439/468
FORD,F150,25,25,25,5,No,352
FORD,F150,25,25,25,5,No,352
FORD,F150,23,23,23,5,No,381
FORD,F150,23,23,23,5,No,381
FORD,F150,76,61,68,10,Elite,0
FORD,F150,76,61,68,10,Elite,0
FORD,F150,78,63,70,10,Elite,0
FORD,F150,78,63,70,10,Elite,0
FORD,F150,73,60,66,10,Elite,0
FORD,F150,73,60,66,10,Elite,0
FORD,F150,14,18,15,2,No,593
FORD,F150,15,18,16,3,No,553
FORD,F150,14,18,15,2,No,593
FORD,F150,15,18,16,3,No,553
FORD,F150,14,16,15,2,No,596
FORD,F150,15,16,15,2,No,578
FORD,F150,14,16,15,2,No,596
FORD,F150,15,16,15,2,No,578
FORD,F150,10,15,12,1,No,741
FORD,F150,10,15,12,1,No,741
FORD,F150,16,20,18,4,No,497
FORD,F150,16,20,18,4,No,501
FORD,F150,16,20,18,4,No,497
FORD,F150,16,20,18,4,No,501
FORD,F150,11,16,13,3,No,489/518
FORD,F150,12,16,13,3,No,475/516
FORD,F150,11,16,13,3,No,489/518
FORD,F150,12,16,13,3,No,475/516
FORD,Maverick,23,30,25,5,No,355
FORD,Maverick,23,30,25,5,No,355
FORD,Maverick,22,28,24,5,No,370
FORD,Maverick,22,28,24,5,No,370
FORD,Maverick,40,33,37,7,Yes,240
FORD,Maverick,40,33,37,7,Yes,240
FORD,Maverick,20,24,21,4,No,414
FORD,Maverick,20,24,21,4,No,414
FORD,Mustang,22,32,25,5,No,350
FORD,Mustang,22,32,25,5,No,350
FORD,Mustang,21,29,24,5,No,371
FORD,Mustang,21,29,24,5,No,371
FORD,Mustang,21,31,24,5,No,363
FORD,Mustang,21,31,24,5,No,363
FORD,Mustang,15,24,18,4,No,498
FORD,Mustang,15,24,18,4,No,498
FORD,Mustang,15,24,19,4,No,480
FORD,Mustang,15,24,19,4,No,480
FORD,Mustang,20,28,23,5,No,386
FORD,Mustang,20,28,23,5,No,386
FORD,Mustang,20,27,23,5,No,387
FORD,Mustang,20,27,23,5,No,387
FORD,Mustang,20,28,23,5,No,389
FORD,Mustang,20,28,23,5,No,389
FORD,Mustang,15,23,18,4,No,497
FORD,Mustang,15,23,18,4,No,497
FORD,Mustang,19,25,21,4,No,423
FORD,Mustang,19,25,21,4,No,423
FORD,Mustang,19,26,22,5,No,404
FORD,Mustang,19,26,22,5,No,404
FORD,Mustang,20,27,22,5,No,396
FORD,Mustang,20,27,22,5,No,396
FORD,Mustang,20,27,23,5,No,387
FORD,Mustang,20,27,23,5,No,387
FORD,Mustang,14,22,17,3,No,523
FORD,Mustang,14,22,17,3,No,523
FORD,Mustang,15,23,18,4,No,493
FORD,Mustang,15,23,18,4,No,493
FORD,Mustang,110,96,103,10,Elite,0
FORD,Mustang,110,96,103,10,Elite,0
FORD,Mustang,99,86,93,10,Elite,0
FORD,Mustang,99,86,93,10,Elite,0
FORD,Mustang,105,91,98,10,Elite,0
FORD,Mustang,105,91,98,10,Elite,0
FORD,Mustang,105,92,99,10,Elite,0
FORD,Mustang,105,92,99,10,Elite,0
FORD,Mustang,97,85,92,10,Elite,0
FORD,Mustang,97,85,92,10,Elite,0
FORD,Mustang,90,77,84,10,Elite,0
FORD,Mustang,90,77,84,10,Elite,0
FORD,Mustang,90,77,82,10,Elite,0
FORD,Mustang,90,77,82,10,Elite,0
FORD,Ranger,20,26,22,5,No,397
FORD,Ranger,21,26,23,5,No,387
FORD,Ranger,20,26,22,5,No,397
FORD,Ranger,21,26,23,5,No,387
FORD,Ranger,19,24,21,4,No,420
FORD,Ranger,20,24,22,5,No,410
FORD,Ranger,19,24,21,4,No,420
FORD,Ranger,20,24,22,5,No,410
FORD,Ranger,19,19,19,4,No,471
FORD,Ranger,19,19,19,4,No,471
FORD,Transit,24,26,25,5,No,355
FORD,Transit,24,28,26,5,No,348
FORD,Transit,24,26,25,5,No,355
FORD,Transit,24,28,26,5,No,348
GENESIS,Electrified,105,89,97,10,Elite,0
GENESIS,Electrified,105,89,97,10,Elite,0
GENESIS,Electrified,98,83,91,10,Elite,0
GENESIS,Electrified,98,83,91,10,Elite,0
GENESIS,G70,21,31,25,5,No,361
GENESIS,G70,21,31,25,5,No,361
GENESIS,G70,20,28,23,5,No,393
GENESIS,G70,20,28,23,5,No,393
GENESIS,G70,18,27,21,4,No,433
GENESIS,G70,18,27,21,4,No,433
GENESIS,G70,17,26,20,4,No,439
GENESIS,G70,17,26,20,4,No,439
GENESIS,G80,22,32,26,5,No,346
GENESIS,G80,22,32,26,5,No,346
GENESIS,G80,22,30,25,5,No,361
GENESIS,G80,22,30,25,5,No,361
GENESIS,G80,16,25,19,4,No,465
GENESIS,G80,16,25,19,4,No,465
GENESIS,G90,18,26,21,4,No,426
GENESIS,G90,18,26,21,4,No,426
GENESIS,G90,17,24,20,4,No,441
GENESIS,G90,17,24,20,4,No,441
GENESIS,GV60,125,100,112,10,Elite,0
GENESIS,GV60,125,100,112,10,Elite,0
GENESIS,GV70,19,26,22,5,No,408
GENESIS,GV70,22,28,24,5,No,368
GENESIS,GV70,19,26,22,5,No,408
GENESIS,GV70,22,28,24,5,No,368
GENESIS,GV70,19,24,21,4,No,431
GENESIS,GV70,19,24,21,4,No,431
GENESIS,GV80,20,24,22,5,No,404
GENESIS,GV80,20,24,22,5,No,404
GENESIS,GV80,18,23,20,4,No,448
GENESIS,GV80,18,23,20,4,No,448
GMC,Acadia,22,29,25,5,No,365
GMC,Acadia,22,29,25,5,No,365
GMC,Acadia,22,27,24,5,No,368
GMC,Acadia,22,27,24,5,No,368
GMC,Acadia,19,27,22,5,No,404
GMC,Acadia,19,27,22,5,No,404
GMC,Acadia,19,26,21,4,No,417
GMC,Acadia,19,26,21,4,No,417
GMC,Sierra,19,21,20,4,No,453
GMC,Sierra,19,22,20,4,No,446
GMC,Sierra,19,21,20,4,No,453
GMC,Sierra,19,22,20,4,No,446
GMC,Sierra,18,20,19,4,No,467
GMC,Sierra,18,20,19,4,No,468
GMC,Sierra,18,20,19,4,No,467
GMC,Sierra,18,20,19,4,No,468
GMC,Sierra,24,29,26,5,No,396
GMC,Sierra,24,29,26,5,No,396
GMC,Sierra,22,27,24,4,No,423
GMC,Sierra,22,27,24,4,No,423
GMC,Sierra,12,15,13,4,No,472/496
GMC,Sierra,12,15,13,4,No,472/496
GMC,Sierra,16,20,18,4,No,500
GMC,Sierra,16,21,18,4,No,493
GMC,Sierra,15,18,16,3,No,553
GMC,Sierra,16,20,18,4,No,500
GMC,Sierra,16,21,18,4,No,493
GMC,Sierra,15,18,16,3,No,553
GMC,Sierra,11,14,12,3,No,512/524
GMC,Sierra,11,14,12,3,No,512/524
GMC,Sierra,15,19,17,3,No,535
GMC,Sierra,16,20,17,3,No,523
GMC,Sierra,15,17,16,3,No,564
GMC,Sierra,15,19,17,3,No,535
GMC,Sierra,16,20,17,3,No,523
GMC,Sierra,15,17,16,3,No,564
GMC,Sierra,15,19,17,3,No,530
GMC,Sierra,15,19,17,3,No,530
GMC,Sierra,17,18,17,3,No,512
GMC,Sierra,17,18,17,3,No,512
GMC,Sierra,21,23,22,4,No,463
GMC,Sierra,21,23,22,4,No,463
GMC,Sierra,11,14,12,3,No,512/524
GMC,Sierra,11,14,12,3,No,512/524
GMC,Sierra,15,18,16,3,No,554
GMC,Sierra,15,19,16,3,No,555
GMC,Sierra,15,18,16,3,No,554
GMC,Sierra,15,19,16,3,No,555
GMC,Sierra,14,17,15,2,No,585
GMC,Sierra,14,17,15,2,No,585
GMC,Sierra,14,17,15,2,No,585
GMC,Sierra,14,17,15,2,No,585
GMC,Terrain,24,29,26,5,No,338
GMC,Terrain,24,29,26,5,No,338
GMC,Terrain,24,28,26,5,No,347
GMC,Terrain,24,28,26,5,No,347
GMC,Yukon,21,27,23,4,No,442
GMC,Yukon,21,27,23,4,No,442
GMC,Yukon,20,26,22,4,No,462
GMC,Yukon,20,26,22,4,No,462
GMC,Yukon,15,20,17,3,No,527
GMC,Yukon,15,20,17,3,No,527
GMC,Yukon,15,20,17,3,No,527
GMC,Yukon,15,20,17,3,No,527
GMC,Yukon,14,20,16,3,No,555
GMC,Yukon,14,20,16,3,No,555
GMC,Yukon,14,18,16,3,No,564
GMC,Yukon,14,18,16,3,No,564
GMC,Yukon,21,27,23,4,No,442
GMC,Yukon,21,27,23,4,No,442
GMC,Yukon,20,26,22,4,No,462
GMC,Yukon,20,26,22,4,No,462
GMC,Yukon,15,20,17,3,No,527
GMC,Yukon,15,20,17,3,No,527
GMC,Yukon,15,19,16,3,No,545
GMC,Yukon,15,19,16,3,No,545
GMC,Yukon,14,19,16,3,No,555
GMC,Yukon,14,19,16,3,No,555
GMC,Yukon,14,18,16,3,No,564
GMC,Yukon,14,18,16,3,No,564
HONDA,Accord,29,37,32,6,No,277
HONDA,Accord,29,37,32,6,No,277
HONDA,Accord,51,44,48,8,Yes,184
HONDA,Accord,51,44,48,8,Yes,184
HONDA,Accord,46,41,44,8,Yes,201
HONDA,Accord,46,41,44,8,Yes,201
HONDA,CR-V,28,34,30,6,No,290
HONDA,CR-V,28,34,30,6,No,290
HONDA,CR-V,27,32,29,6,No,305
HONDA,CR-V,27,32,29,6,No,305
HONDA,CR-V,43,36,40,7,Yes,223
HONDA,CR-V,43,36,40,7,Yes,223
HONDA,CR-V,40,34,37,7,Yes,237
HONDA,CR-V,40,34,37,7,Yes,237
HONDA,Civic,33,42,36,7,Yes,243
HONDA,Civic,33,42,36,7,Yes,243
HONDA,Civic,27,37,31,6,No,285
HONDA,Civic,27,37,31,6,No,285
HONDA,Civic,31,38,34,7,Yes,260
HONDA,Civic,31,38,34,7,Yes,260
HONDA,Civic,31,40,35,7,Yes,254
HONDA,Civic,31,40,35,7,Yes,254
HONDA,Civic,30,37,33,6,No,266
HONDA,Civic,30,37,33,6,No,266
HONDA,Civic,31,39,35,7,Yes,258
HONDA,Civic,31,39,35,7,Yes,258
HONDA,Civic,28,37,31,6,No,282
HONDA,Civic,28,37,31,6,No,282
HONDA,Civic,30,37,33,6,No,267
HONDA,Civic,30,37,33,6,No,267
HONDA,Civic,30,38,33,6,No,269
HONDA,Civic,30,38,33,6,No,269
HONDA,Civic,26,36,29,6,No,304
HONDA,Civic,26,36,29,6,No,304
HONDA,Civic,22,28,24,5,No,364
HONDA,Civic,22,28,24,5,No,364
HONDA,Civic,29,37,32,6,No,277
HONDA,Civic,29,37,32,6,No,277
HONDA,HR-V,26,32,28,6,No,309
HONDA,HR-V,26,32,28,6,No,309
HONDA,HR-V,25,30,27,5,No,326
HONDA,HR-V,25,30,27,5,No,326
HONDA,Odyssey,19,28,22,5,No,394
HONDA,Odyssey,19,28,22,5,No,394
HONDA,Passport,19,24,21,4,No,416
HONDA,Passport,19,24,21,4,No,416
HONDA,Pilot,19,27,22,5,No,402
HONDA,Pilot,19,27,22,5,No,402
HONDA,Pilot,19,25,21,4,No,415
HONDA,Pilot,19,25,21,4,No,415
HONDA,Pilot,19,25,21,4,No,422
HONDA,Pilot,19,25,21,4,No,422
HONDA,Pilot,18,23,20,4,No,442
HONDA,Pilot,18,23,20,4,No,442
HONDA,Ridgeline,18,24,21,4,No,441
HONDA,Ridgeline,18,24,21,4,No,441
HYUNDAI,Elantra,28,36,31,6,No,288
HYUNDAI,Elantra,28,36,31,6,No,288
HYUNDAI,Elantra,30,40,34,7,Yes,263
HYUNDAI,Elantra,33,42,37,7,Yes,245
HYUNDAI,Elantra,30,40,34,7,Yes,263
HYUNDAI,Elantra,33,42,37,7,Yes,245
HYUNDAI,Elantra,30,40,34,7,No,263
HYUNDAI,Elantra,33,42,37,7,No,245
HYUNDAI,Elantra,30,40,34,7,No,263
HYUNDAI,Elantra,33,42,37,7,No,245
HYUNDAI,Elantra,49,52,50,8,Yes,177
HYUNDAI,Elantra,49,52,50,8,Yes,177
HYUNDAI,Elantra,53,56,54,9,Yes,165
HYUNDAI,Elantra,53,56,54,9,Yes,165
HYUNDAI,Elantra,20,30,23,5,No,388
HYUNDAI,Elantra,20,30,23,5,No,388
HYUNDAI,Elantra,22,31,25,5,No,358
HYUNDAI,Elantra,22,31,25,5,No,358
HYUNDAI,Ioniq,127,94,110,10,Elite,0
HYUNDAI,Ioniq,127,94,110,10,Elite,0
HYUNDAI,Ioniq,132,98,114,10,Elite,0
HYUNDAI,Ioniq,132,98,114,10,Elite,0
HYUNDAI,Ioniq,113,90,101,10,Elite,0
HYUNDAI,Ioniq,113,90,101,10,Elite,0
HYUNDAI,Ioniq,130,111,121,10,Elite,0
HYUNDAI,Ioniq,130,111,121,10,Elite,0
HYUNDAI,Ioniq,111,94,103,10,Elite,0
HYUNDAI,Ioniq,111,94,103,10,Elite,0
HYUNDAI,Ioniq,153,127,140,10,Elite,0
HYUNDAI,Ioniq,153,127,140,10,Elite,0
HYUNDAI,Ioniq,129,105,117,10,Elite,0
HYUNDAI,Ioniq,129,105,117,10,Elite,0
HYUNDAI,Ioniq,151,120,135,10,Elite,0
HYUNDAI,Ioniq,151,120,135,10,Elite,0
HYUNDAI,Kona,29,35,32,6,No,284
HYUNDAI,Kona,29,35,32,6,No,284
HYUNDAI,Kona,27,32,29,6,No,311
HYUNDAI,Kona,27,32,29,6,No,311
HYUNDAI,Kona,30,35,32,6,No,281
HYUNDAI,Kona,30,35,32,6,No,281
HYUNDAI,Kona,28,33,30,6,No,301
HYUNDAI,Kona,28,33,30,6,No,301
HYUNDAI,Kona,134,106,120,10,Elite,0
HYUNDAI,Kona,134,106,120,10,Elite,0
HYUNDAI,Kona,20,27,23,5,No,396
HYUNDAI,Kona,20,27,23,5,No,396
HYUNDAI,NEXO,59,54,57,10,Elite,0
HYUNDAI,NEXO,59,54,57,10,Elite,0
HYUNDAI,NEXO,65,58,61,10,Elite,0
HYUNDAI,NEXO,65,58,61,10,Elite,0
HYUNDAI,Palisade,19,27,22,5,No,406
HYUNDAI,Palisade,19,27,22,5,No,406
HYUNDAI,Palisade,19,25,21,4,No,422
HYUNDAI,Palisade,19,25,21,4,No,422
HYUNDAI,Santa,19,27,22,5,No,402
HYUNDAI,Santa,19,27,22,5,No,402
HYUNDAI,Santa,22,26,23,5,No,381
HYUNDAI,Santa,22,26,23,5,No,381
HYUNDAI,Santa,21,25,23,5,No,390
HYUNDAI,Santa,21,25,23,5,No,390
HYUNDAI,Santa,22,28,25,5,No,365
HYUNDAI,Santa,22,28,25,5,No,365
HYUNDAI,Santa,21,28,24,5,No,375
HYUNDAI,Santa,21,28,24,5,No,375
HYUNDAI,Santa,25,28,26,5,No,344
HYUNDAI,Santa,25,28,26,5,No,344
HYUNDAI,Santa,22,25,24,5,No,378
HYUNDAI,Santa,22,25,24,5,No,378
HYUNDAI,Santa,33,30,32,6,No,283
HYUNDAI,Santa,33,30,32,6,No,283
HYUNDAI,Santa,36,31,34,7,Yes,264
HYUNDAI,Santa,36,31,34,7,Yes,264
HYUNDAI,Santa,33,32,33,10,Yes,111
HYUNDAI,Santa,33,32,33,10,Yes,111
HYUNDAI,Sonata,27,37,31,6,No,293
HYUNDAI,Sonata,27,37,31,6,No,293
HYUNDAI,Sonata,23,33,27,5,No,335
HYUNDAI,Sonata,23,33,27,5,No,335
HYUNDAI,Sonata,27,37,31,6,No,293
HYUNDAI,Sonata,28,38,32,6,No,282
HYUNDAI,Sonata,27,37,31,6,No,293
HYUNDAI,Sonata,28,38,32,6,No,282
HYUNDAI,Sonata,45,51,47,8,Yes,189
HYUNDAI,Sonata,45,51,47,8,Yes,189
HYUNDAI,Sonata,50,54,52,9,Yes,172
HYUNDAI,Sonata,50,54,52,9,Yes,172
HYUNDAI,Tuscon,25,32,28,6,No,322
HYUNDAI,Tuscon,25,32,28,6,No,322
HYUNDAI,Tuscon,23,28,25,5,No,351
HYUNDAI,Tuscon,23,28,25,5,No,351
HYUNDAI,Tuscon,37,36,37,7,Yes,245
HYUNDAI,Tuscon,37,36,37,7,Yes,245
HYUNDAI,Tuscon,38,38,38,7,Yes,238
HYUNDAI,Tuscon,38,38,38,7,Yes,238
HYUNDAI,Tuscon,35,35,35,10,Yes,100
HYUNDAI,Tuscon,35,35,35,10,Yes,100
HYUNDAI,Venue,29,33,31,6,No,290
HYUNDAI,Venue,29,33,31,6,No,290
INFINITI,Q50,20,29,23,5,No,388
INFINITI,Q50,20,29,23,5,No,388
INFINITI,Q50,19,27,22,5,No,403
INFINITI,Q50,19,27,22,5,No,403
INFINITI,Q50,20,26,22,5,No,403
INFINITI,Q50,20,26,22,5,No,403
INFINITI,Q50,19,26,22,5,No,411
INFINITI,Q50,19,26,22,5,No,411
INFINITI,QX50,23,29,26,5,No,343
INFINITI,QX50,23,29,26,5,No,343
INFINITI,QX50,22,28,25,5,No,357
INFINITI,QX50,22,28,25,5,No,357
INFINITI,QX55,22,28,25,5,No,366
INFINITI,QX55,22,28,25,5,No,366
INFINITI,QX60,21,26,23,5,No,387
INFINITI,QX60,21,26,23,5,No,387
INFINITI,QX60,20,25,22,5,No,405
INFINITI,QX60,20,25,22,5,No,405
INFINITI,QX80,14,20,16,3,No,552
INFINITI,QX80,14,20,16,3,No,552
INFINITI,QX80,13,19,15,2,No,592
INFINITI,QX80,13,19,15,2,No,593
INFINITI,QX80,13,19,15,2,No,592
INFINITI,QX80,13,19,15,2,No,593
JAGUAR,E-Pace,20,26,23,5,No,398
JAGUAR,E-Pace,20,26,23,5,No,398
JAGUAR,F-Pace,22,27,24,5,No,365
JAGUAR,F-Pace,22,27,24,5,No,365
JAGUAR,F-Pace,20,27,22,5,No,402
JAGUAR,F-Pace,20,27,22,5,No,402
JAGUAR,F-Pace,19,26,22,5,No,408
JAGUAR,F-Pace,19,26,22,5,No,408
JAGUAR,F-Pace,15,21,17,3,No,509
JAGUAR,F-Pace,15,21,17,3,No,509
JAGUAR,F-Type,17,24,19,4,No,460
JAGUAR,F-Type,17,24,19,4,No,460
JAGUAR,F-Type,17,24,19,4,No,460
JAGUAR,F-Type,17,24,19,4,No,460
JAGUAR,F-Type,16,24,18,4,No,481
JAGUAR,F-Type,16,24,18,4,No,481
JAGUAR,F-Type,16,24,18,4,No,481
JAGUAR,F-Type,16,24,18,4,No,481
JAGUAR,F-Type,16,24,18,4,No,481
JAGUAR,F-Type,16,24,18,4,No,481
JAGUAR,F-Type,16,24,18,4,No,481
JAGUAR,F-Type,16,24,18,4,No,481
JAGUAR,I-PACE,89,82,85,10,Elite,0
JAGUAR,I-PACE,89,82,85,10,Elite,0
JAGUAR,I-PACE,79,72,76,10,Elite,0
JAGUAR,I-PACE,79,72,76,10,Elite,0
JAGUAR,XF,25,33,28,6,No,317
JAGUAR,XF,25,33,28,6,No,317
JAGUAR,XF,23,32,26,5,No,336
JAGUAR,XF,23,32,26,5,No,336
JAGUAR,XF,22,30,25,5,No,352
JAGUAR,XF,22,30,25,5,No,352
JEEP,Cherokee,21,29,24,5,No,370
JEEP,Cherokee,21,29,24,5,No,370
JEEP,Cherokee,20,26,22,5,No,400
JEEP,Cherokee,20,26,22,5,No,400
JEEP,Compass,24,32,27,5,No,330
JEEP,Compass,24,32,27,5,No,330
JEEP,Gladiator,17,22,19,4,No,466
JEEP,Gladiator,17,22,19,4,No,466
JEEP,Gladiator,16,23,19,4,No,476
JEEP,Gladiator,16,23,19,4,No,476
JEEP,Gladiator,22,28,24,4,No,423
JEEP,Gladiator,22,28,24,4,No,423
JEEP,Gladiator,21,27,24,4,No,436
JEEP,Gladiator,21,27,24,4,No,436
JEEP,Grand,23,24,23,8,Yes,177
JEEP,Grand,23,24,23,8,Yes,177
JEEP,Grand,19,26,22,5,No,407
JEEP,Grand,19,26,22,5,No,407
JEEP,Grand,19,26,22,5,No,413
JEEP,Grand,19,26,22,5,No,413
JEEP,Grand,14,22,17,3,No,533
JEEP,Grand,14,22,17,3,No,533
JEEP,Grand,19,26,21,4,No,416
JEEP,Grand,19,26,21,4,No,416
JEEP,Grand,18,25,21,4,No,430
JEEP,Grand,18,25,21,4,No,430
JEEP,Grand,14,22,17,3,No,533
JEEP,Grand,14,22,17,3,No,533
JEEP,Grand,14,20,17,3,No,537
JEEP,Grand,14,20,17,3,No,537
JEEP,Grand,13,18,15,2,No,602
JEEP,Grand,13,18,15,2,No,602
JEEP,Grand,14,19,16,3,No,566
JEEP,Grand,14,19,16,3,No,566
JEEP,Renegade,23,29,26,5,No,347
JEEP,Renegade,23,29,26,5,No,347
JEEP,Renegade,22,27,24,5,No,372
JEEP,Renegade,22,27,24,5,No,372
JEEP,Wagoneer,17,24,20,4,No,453
JEEP,Wagoneer,17,24,20,4,No,453
JEEP,Wagoneer,16,23,19,4,No,472
JEEP,Wagoneer,16,23,19,4,No,472
JEEP,Wagoneer,16,22,18,4,No,483
JEEP,Wagoneer,16,22,18,4,No,483
JEEP,Wagoneer,15,20,17,3,No,522
JEEP,Wagoneer,15,20,17,3,No,522
JEEP,Wagoneer,17,24,20,4,No,453
JEEP,Wagoneer,17,24,20,4,No,453
JEEP,Wagoneer,16,23,19,4,No,476
JEEP,Wagoneer,16,23,19,4,No,476
JEEP,Wrangler,21,24,22,5,No,404
JEEP,Wrangler,22,24,23,5,No,388
JEEP,Wrangler,21,24,22,5,No,404
JEEP,Wrangler,22,24,23,5,No,388
JEEP,Wrangler,18,23,20,4,No,440
JEEP,Wrangler,18,23,20,4,No,443
JEEP,Wrangler,18,23,20,4,No,440
JEEP,Wrangler,18,23,20,4,No,443
JEEP,Wrangler,19,24,21,4,No,421
JEEP,Wrangler,20,24,21,4,No,416
JEEP,Wrangler,19,24,21,4,No,421
JEEP,Wrangler,20,24,21,4,No,416
JEEP,Wrangler,17,23,19,4,No,459
JEEP,Wrangler,17,25,20,4,No,446
JEEP,Wrangler,17,23,19,4,No,459
JEEP,Wrangler,17,25,20,4,No,446
JEEP,Wrangler,13,17,14,2,No,623
JEEP,Wrangler,13,17,14,2,No,623
JEEP,Wrangler,20,20,20,7,No,230
JEEP,Wrangler,20,20,20,7,No,230
JEEP,Wrangler,22,29,25,5,No,411
JEEP,Wrangler,22,29,25,5,No,411
JEEP,Wrangler,21,26,23,4,No,442
JEEP,Wrangler,21,26,23,4,No,442
KIA,Carnival,19,26,22,5,No,408
KIA,Carnival,19,26,22,5,No,408
KIA,EV6,85,74,79,10,Elite,0
KIA,EV6,85,74,79,10,Elite,0
KIA,EV6,134,101,117,10,Elite,0
KIA,EV6,134,101,117,10,Elite,0
KIA,EV6,120,98,109,10,Elite,0
KIA,EV6,120,98,109,10,Elite,0
KIA,EV6,106,86,96,10,Elite,0
KIA,EV6,106,86,96,10,Elite,0
KIA,EV6,136,100,117,10,Elite,0
KIA,EV6,136,100,117,10,Elite,0
KIA,Forte,27,35,30,6,No,296
KIA,Forte,27,35,30,6,No,296
KIA,Forte,22,31,26,5,No,348
KIA,Forte,22,31,26,5,No,348
KIA,Forte,28,39,32,6,No,277
KIA,Forte,28,39,32,6,No,277
KIA,Forte,30,41,34,7,Yes,261
KIA,Forte,30,41,34,7,Yes,261
KIA,K5,27,37,31,6,No,293
KIA,K5,27,37,31,6,No,293
KIA,K5,25,33,28,6,No,316
KIA,K5,25,33,28,6,No,316
KIA,K5,24,32,27,5,No,332
KIA,K5,24,32,27,5,No,332
KIA,Niro,53,45,49,8,Yes,181
KIA,Niro,53,45,49,8,Yes,181
KIA,Niro,126,101,113,10,Elite,0
KIA,Niro,126,101,113,10,Elite,0
KIA,Niro,53,54,53,9,Yes,167
KIA,Niro,53,54,53,9,Yes,167
KIA,Niro,49,47,48,10,Yes,71
KIA,Niro,49,47,48,10,Yes,71
KIA,Rio,32,41,36,7,No,250
KIA,Rio,32,41,36,7,No,250
KIA,Seltos,25,30,27,5,No,331
KIA,Seltos,25,30,27,5,No,331
KIA,Seltos,29,35,31,6,No,283
KIA,Seltos,29,35,31,6,No,283
KIA,Seltos,27,31,29,6,No,314
KIA,Seltos,27,31,29,6,No,314
KIA,Sorento,22,29,25,5,No,360
KIA,Sorento,22,29,25,5,No,360
KIA,Sorento,22,27,24,5,No,377
KIA,Sorento,22,27,24,5,No,377
KIA,Sorento,24,29,26,5,No,342
KIA,Sorento,24,29,26,5,No,342
KIA,Sorento,23,25,24,5,No,366
KIA,Sorento,23,25,24,5,No,366
KIA,Sorento,39,35,37,7,Yes,242
KIA,Sorento,39,35,37,7,Yes,242
KIA,Sorento,36,33,34,7,Yes,262
KIA,Sorento,36,33,34,7,Yes,262
KIA,Sorento,35,33,34,10,Yes,105
KIA,Sorento,35,33,34,10,Yes,105
KIA,Soul,28,33,30,6,No,301
KIA,Soul,28,33,30,6,No,301
KIA,Soul,29,35,31,6,No,287
KIA,Soul,29,35,31,6,No,287
KIA,Sportage,25,32,28,6,No,322
KIA,Sportage,25,32,28,6,No,322
KIA,Sportage,23,28,25,5,No,357
KIA,Sportage,23,28,25,5,No,357
KIA,Sportage,42,44,43,8,Yes,206
KIA,Sportage,42,44,43,8,Yes,206
KIA,Sportage,38,38,38,7,Yes,233
KIA,Sportage,38,38,38,7,Yes,233
KIA,Sportage,36,35,35,10,Yes,96
KIA,Sportage,36,35,35,10,Yes,96
KIA,Stinger,22,32,25,5,No,355
KIA,Stinger,22,32,25,5,No,355
KIA,Stinger,21,29,24,5,No,380
KIA,Stinger,21,29,24,5,No,380
KIA,Stinger,18,25,20,4,No,437
KIA,Stinger,18,25,20,4,No,437
KIA,Stinger,17,24,20,4,No,451
KIA,Stinger,17,24,20,4,No,451
KIA,Telluride,20,26,23,5,No,395
KIA,Telluride,20,26,23,5,No,395
KIA,Telluride,18,24,21,4,No,433
KIA,Telluride,18,24,21,4,No,433
LAMBORGHINI,Huracan,13,18,15,2,No,596
LAMBORGHINI,Huracan,13,18,15,2,No,596
LAMBORGHINI,Huracan,13,18,15,2,No,593
LAMBORGHINI,Huracan,13,18,15,2,No,593
LAMBORGHINI,Huracan,13,18,15,2,No,593
LAMBORGHINI,Huracan,13,18,15,2,No,593
LAMBORGHINI,Huracan,13,18,15,2,No,596
LAMBORGHINI,Huracan,13,18,15,2,No,596
LAMBORGHINI,Urus,14,19,16,3,No,554
LAMBORGHINI,Urus,14,19,16,3,No,554
LAMBORGHINI,Urus,14,19,16,3,No,554
LAMBORGHINI,Urus,14,19,16,3,No,554
LAND,ROVER,18,20,19,4,No,474
LAND,ROVER,18,20,19,4,No,474
LAND,ROVER,14,19,16,3,No,563
LAND,ROVER,14,19,16,3,No,563
LAND,ROVER,18,23,20,4,No,444
LAND,ROVER,18,23,20,4,No,444
LAND,ROVER,17,21,19,4,No,480
LAND,ROVER,17,21,19,4,No,480
LAND,ROVER,17,21,19,4,No,480
LAND,ROVER,17,21,19,4,No,480
LAND,ROVER,18,21,19,4,No,465
LAND,ROVER,18,21,19,4,No,465
LAND,ROVER,15,19,16,3,No,545
LAND,ROVER,15,19,16,3,No,545
LAND,ROVER,18,23,20,4,No,444
LAND,ROVER,18,23,20,4,No,444
LAND,ROVER,19,24,21,4,No,421
LAND,ROVER,19,24,21,4,No,421
LAND,ROVER,19,25,22,5,No,415
LAND,ROVER,19,25,22,5,No,415
LAND,ROVER,19,23,20,4,No,437
LAND,ROVER,19,23,20,4,No,437
LAND,ROVER,16,21,18,4,No,508
LAND,ROVER,16,21,18,4,No,508
LAND,ROVER,16,21,18,4,No,505
LAND,ROVER,16,21,18,4,No,505
LAND,ROVER,18,26,21,4,No,427
LAND,ROVER,18,26,21,4,No,427
LAND,ROVER,18,26,21,4,No,427
LAND,ROVER,18,26,21,4,No,427
LAND,ROVER,18,26,21,4,No,427
LAND,ROVER,18,26,21,4,No,427
LAND,ROVER,18,26,21,4,No,427
LAND,ROVER,18,26,21,4,No,427
LAND,ROVER,19,24,21,10,Yes,107
LAND,ROVER,19,24,21,10,Yes,107
LAND,ROVER,16,21,18,4,No,508
LAND,ROVER,16,21,18,4,No,508
LAND,ROVER,19,26,22,5,No,409
LAND,ROVER,19,26,22,5,No,409
LAND,ROVER,18,26,21,4,No,427
LAND,ROVER,18,26,21,4,No,427
LAND,ROVER,19,24,21,10,Yes,107
LAND,ROVER,19,24,21,10,Yes,107
LAND,ROVER,20,27,22,5,No,398
LAND,ROVER,20,27,22,5,No,398
LAND,ROVER,21,26,23,5,No,393
LAND,ROVER,21,26,23,5,No,393
LAND,ROVER,20,26,23,5,No,393
LAND,ROVER,20,26,23,5,No,393
LAND,ROVER,20,26,22,5,No,399
LAND,ROVER,20,26,22,5,No,399
LAND,ROVER,19,25,21,4,No,426
LAND,ROVER,19,25,21,4,No,426
LEXUS,ES,25,34,28,6,No,315
LEXUS,ES,25,34,28,6,No,315
LEXUS,ES,43,44,44,8,Yes,201
LEXUS,ES,43,44,44,8,Yes,201
LEXUS,ES,22,32,26,5,No,346
LEXUS,ES,22,32,26,5,No,346
LEXUS,ES,22,31,25,5,No,352
LEXUS,ES,22,31,25,5,No,352
LEXUS,GX,15,19,16,3,No,542
LEXUS,GX,15,19,16,3,No,542
LEXUS,IS,21,31,25,5,No,355
LEXUS,IS,21,31,25,5,No,355
LEXUS,IS,19,26,22,5,No,407
LEXUS,IS,19,26,22,5,No,407
LEXUS,IS,19,26,22,5,No,407
LEXUS,IS,19,26,22,5,No,407
LEXUS,IS,20,28,23,5,No,385
LEXUS,IS,20,28,23,5,No,385
LEXUS,IS,17,25,20,4,No,451
LEXUS,IS,17,25,20,4,No,451
LEXUS,LC,16,25,19,4,No,473
LEXUS,LC,16,25,19,4,No,473
LEXUS,LC,15,25,18,4,No,489
LEXUS,LC,15,25,18,4,No,489
LEXUS,LC,26,33,29,6,No,304
LEXUS,LC,26,33,29,6,No,304
LEXUS,LS,18,29,22,5,No,405
LEXUS,LS,18,29,22,5,No,405
LEXUS,LS,17,27,21,4,No,432
LEXUS,LS,17,27,21,4,No,432
LEXUS,LS,22,29,25,5,No,358
LEXUS,LS,22,29,25,5,No,358
LEXUS,LS,22,29,25,5,No,358
LEXUS,LS,22,29,25,5,No,358
LEXUS,LX,17,22,19,4,No,478
LEXUS,LX,17,22,19,4,No,478
LEXUS,NX,26,33,28,6,No,311
LEXUS,NX,26,33,28,6,No,311
LEXUS,NX,25,32,28,6,No,318
LEXUS,NX,25,32,28,6,No,318
LEXUS,NX,22,28,25,5,No,358
LEXUS,NX,22,29,25,5,No,356
LEXUS,NX,22,28,25,5,No,358
LEXUS,NX,22,29,25,5,No,356
LEXUS,NX,41,37,39,7,Yes,225
LEXUS,NX,41,37,39,7,Yes,225
LEXUS,NX,38,33,36,10,Yes,87
LEXUS,NX,38,33,36,10,Yes,87
LEXUS,RC,21,31,25,5,No,355
LEXUS,RC,21,31,25,5,No,355
LEXUS,RC,19,26,22,5,No,407
LEXUS,RC,19,26,22,5,No,407
LEXUS,RC,19,26,22,5,No,407
LEXUS,RC,19,26,22,5,No,407
LEXUS,RC,20,28,23,5,No,385
LEXUS,RC,20,28,23,5,No,385
LEXUS,RC,16,24,19,4,No,459
LEXUS,RC,16,24,19,4,No,459
LEXUS,RX,22,29,25,5,No,353
LEXUS,RX,22,29,25,5,No,353
LEXUS,RX,21,28,24,5,No,371
LEXUS,RX,21,28,24,5,No,371
LEXUS,RX,37,34,36,7,Yes,243
LEXUS,RX,37,34,36,7,Yes,243
LEXUS,RX,27,28,27,5,No,326
LEXUS,RX,27,28,27,5,No,326
LEXUS,UX,43,41,42,8,Yes,209
LEXUS,UX,43,41,42,8,Yes,209
LEXUS,UX,41,38,39,7,Yes,225
LEXUS,UX,41,38,39,7,Yes,225
LINCOLN,Aviator,18,26,21,4,No,424
LINCOLN,Aviator,18,26,21,4,No,424
LINCOLN,Aviator,16,24,19,4,No,466
LINCOLN,Aviator,17,24,20,4,No,451
LINCOLN,Aviator,16,24,19,4,No,466
LINCOLN,Aviator,17,24,20,4,No,451
LINCOLN,Aviator,22,25,23,8,Yes,209
LINCOLN,Aviator,22,25,23,8,Yes,209
LINCOLN,Corsair,22,30,25,5,No,356
LINCOLN,Corsair,22,30,25,5,No,356
LINCOLN,Corsair,21,28,24,5,No,374
LINCOLN,Corsair,21,28,24,5,No,374
LINCOLN,Corsair,34,32,33,10,Yes,121
LINCOLN,Corsair,34,32,33,10,Yes,121
LINCOLN,Nautilus,20,25,22,5,No,404
LINCOLN,Nautilus,20,25,22,5,No,404
LINCOLN,Nautilus,20,25,22,5,No,404
LINCOLN,Nautilus,20,25,22,5,No,404
LINCOLN,Nautilus,19,25,21,4,No,421
LINCOLN,Nautilus,19,25,21,4,No,421
LINCOLN,Navigator,16,23,19,4,No,468
LINCOLN,Navigator,17,23,19,4,No,462
LINCOLN,Navigator,16,23,19,4,No,468
LINCOLN,Navigator,17,23,19,4,No,462
LINCOLN,Navigator,15,21,17,3,No,510
LINCOLN,Navigator,16,22,18,4,No,498
LINCOLN,Navigator,15,21,17,3,No,510
LINCOLN,Navigator,16,22,18,4,No,498
LINCOLN,Nuatilus,21,26,23,5,No,386
LINCOLN,Nuatilus,21,26,23,5,No,386
LINCOLN,Nuatilus,21,26,23,5,No,387
LINCOLN,Nuatilus,21,26,23,5,No,387
LORDSTOWN,Endurance,54,53,54,10,Elite,0
LORDSTOWN,Endurance,54,53,54,10,Elite,0
LUCID,Air,130,132,131,10,Elite,0
LUCID,Air,130,132,131,10,Elite,0
LUCID,Air,121,122,121,10,Elite,0
LUCID,Air,121,122,121,10,Elite,0
LUCID,Air,121,122,121,10,Elite,0
LUCID,Air,121,122,121,10,Elite,0
LUCID,Air,110,111,111,10,Elite,0
LUCID,Air,110,111,111,10,Elite,0
LUCID,Air,141,140,140,10,Elite,0
LUCID,Air,141,140,140,10,Elite,0
LUCID,Air,121,120,121,10,Elite,0
LUCID,Air,121,120,121,10,Elite,0
LUCID,Air,141,140,140,10,Elite,0
LUCID,Air,141,140,140,10,Elite,0
LUCID,Air,121,120,121,10,Elite,0
LUCID,Air,121,120,121,10,Elite,0
LUCID,Air,121,120,121,10,Elite,0
LUCID,Air,121,120,121,10,Elite,0
MASERATI,Ghibli,18,25,20,4,No,436
MASERATI,Ghibli,18,25,20,4,No,436
MASERATI,Ghibli,18,25,20,4,No,436
MASERATI,Ghibli,18,25,20,4,No,436
MASERATI,Ghibli,17,25,20,4,No,457
MASERATI,Ghibli,17,25,20,4,No,457
MASERATI,Ghibli,13,20,16,3,No,560
MASERATI,Ghibli,13,20,16,3,No,560
MASERATI,Ghibli,13,20,16,3,No,560
MASERATI,Ghibli,13,20,16,3,No,560
MASERATI,Grecale,22,29,25,5,No,351
MASERATI,Grecale,22,29,25,5,No,351
MASERATI,Grecale,22,29,25,5,No,351
MASERATI,Grecale,22,29,25,5,No,351
MASERATI,Grecale,18,25,20,4,No,432
MASERATI,Grecale,18,25,20,4,No,432
MASERATI,Levante,16,22,18,4,No,495
MASERATI,Levante,16,22,18,4,No,495
MASERATI,Levante,16,22,18,4,No,495
MASERATI,Levante,16,22,18,4,No,495
MASERATI,Levante,13,20,16,3,No,562
MASERATI,Levante,13,20,16,3,No,562
MASERATI,Levante,13,20,16,3,No,562
MASERATI,Levante,13,20,16,3,No,562
MASERATI,Levante,13,20,16,3,No,562
MASERATI,Levante,13,20,16,3,No,562
MASERATI,Levante,13,20,16,3,No,562
MASERATI,Levante,13,20,16,3,No,562
MASERATI,MC20,15,25,18,4,No,474
MASERATI,MC20,15,25,18,4,No,474
MASERATI,MC20,15,25,18,4,No,482
MASERATI,MC20,15,25,18,4,No,482
MASERATI,Quattroporte,16,25,19,4,No,453
MASERATI,Quattroporte,16,25,19,4,No,453
MASERATI,Quattroporte,16,25,19,4,No,453
MASERATI,Quattroporte,16,25,19,4,No,453
MASERATI,Quattroporte,17,25,20,4,No,457
MASERATI,Quattroporte,17,25,20,4,No,457
MASERATI,Quattroporte,13,20,16,3,No,560
MASERATI,Quattroporte,13,20,16,3,No,560
MASERATI,Quattroporte,13,20,16,3,No,560
MASERATI,Quattroporte,13,20,16,3,No,560
MAZDA,3,28,36,31,6,No,287
MAZDA,3,28,36,31,6,No,287
MAZDA,3,26,36,30,6,No,296
MAZDA,3,26,36,30,6,No,296
MAZDA,3,27,35,30,6,No,292
MAZDA,3,28,37,31,6,No,287
MAZDA,3,27,35,30,6,No,292
MAZDA,3,28,37,31,6,No,287
MAZDA,3,26,33,29,6,No,311
MAZDA,3,26,35,30,6,No,301
MAZDA,3,26,33,29,6,No,311
MAZDA,3,26,35,30,6,No,301
MAZDA,3,23,31,26,5,No,337
MAZDA,3,23,32,27,5,No,334
MAZDA,3,23,31,26,5,No,337
MAZDA,3,23,32,27,5,No,334
MAZDA,CX-30,26,33,29,6,No,309
MAZDA,CX-30,26,33,29,6,No,309
MAZDA,CX-30,22,30,25,5,No,353
MAZDA,CX-30,22,30,25,5,No,353
MAZDA,CX-5,24,30,26,5,No,337
MAZDA,CX-5,24,30,26,5,No,337
MAZDA,CX-5,24,30,26,5,No,337
MAZDA,CX-5,22,27,24,5,No,370
MAZDA,CX-5,22,27,24,5,No,370
MAZDA,CX-50,24,30,27,5,No,335
MAZDA,CX-50,24,30,27,5,No,335
MAZDA,CX-50,23,29,25,5,No,356
MAZDA,CX-50,23,29,25,5,No,356
MAZDA,CX-9,20,26,23,5,No,392
MAZDA,CX-9,20,26,23,5,No,392
MAZDA,MX-30,98,85,92,10,Elite,0
MAZDA,MX-30,98,85,92,10,Elite,0
MAZDA,MX-5,26,34,29,6,No,305
MAZDA,MX-5,26,34,29,6,No,305
MAZDA,MX-5,26,35,30,6,No,299
MAZDA,MX-5,26,35,30,6,No,299
MERCEDES-BENZ,AMG,18,27,21,4,No,413
MERCEDES-BENZ,AMG,18,28,22,5,No,412
MERCEDES-BENZ,AMG,18,27,21,4,No,413
MERCEDES-BENZ,AMG,18,28,22,5,No,412
MERCEDES-BENZ,AMG,16,24,19,4,No,461
MERCEDES-BENZ,AMG,16,24,19,4,No,461
MERCEDES-BENZ,AMG,21,29,24,5,No,373
MERCEDES-BENZ,AMG,21,29,24,5,No,373
MERCEDES-BENZ,AMG,20,28,23,5,No,388
MERCEDES-BENZ,AMG,20,28,23,5,No,388
MERCEDES-BENZ,AMG,21,29,24,5,No,364
MERCEDES-BENZ,AMG,20,27,23,5,No,388
MERCEDES-BENZ,AMG,20,28,23,5,No,383
MERCEDES-BENZ,AMG,21,29,24,5,No,364
MERCEDES-BENZ,AMG,20,27,23,5,No,388
MERCEDES-BENZ,AMG,20,28,23,5,No,383
MERCEDES-BENZ,AMG,16,24,19,4,No,474
MERCEDES-BENZ,AMG,16,24,19,4,No,470
MERCEDES-BENZ,AMG,16,24,19,4,No,474
MERCEDES-BENZ,AMG,16,24,19,4,No,470
MERCEDES-BENZ,AMG,74,73,74,10,Elite,0
MERCEDES-BENZ,AMG,74,73,74,10,Elite,0
MERCEDES-BENZ,AMG,74,77,75,10,Elite,0
MERCEDES-BENZ,AMG,74,77,75,10,Elite,0
MERCEDES-BENZ,AMG,10,12,11,1,No,817
MERCEDES-BENZ,AMG,10,12,11,1,No,817
MERCEDES-BENZ,AMG,22,29,25,5,No,358
MERCEDES-BENZ,AMG,22,29,25,5,No,358
MERCEDES-BENZ,AMG,20,25,22,5,No,407
MERCEDES-BENZ,AMG,20,25,22,5,No,407
MERCEDES-BENZ,AMG,21,27,23,5,No,382
MERCEDES-BENZ,AMG,21,27,23,5,No,382
MERCEDES-BENZ,AMG,17,24,20,4,No,444
MERCEDES-BENZ,AMG,17,24,20,4,No,444
MERCEDES-BENZ,AMG,17,21,19,4,No,471
MERCEDES-BENZ,AMG,18,22,19,4,No,456
MERCEDES-BENZ,AMG,17,21,19,4,No,471
MERCEDES-BENZ,AMG,18,22,19,4,No,456
MERCEDES-BENZ,AMG,15,19,17,3,No,535
MERCEDES-BENZ,AMG,15,20,17,3,No,528
MERCEDES-BENZ,AMG,15,19,17,3,No,535
MERCEDES-BENZ,AMG,15,20,17,3,No,528
MERCEDES-BENZ,AMG,14,19,16,3,No,560
MERCEDES-BENZ,AMG,14,19,16,3,No,560
MERCEDES-BENZ,AMG,19,24,21,4,No,421
MERCEDES-BENZ,AMG,19,24,21,4,No,421
MERCEDES-BENZ,AMG,15,21,17,3,No,530
MERCEDES-BENZ,AMG,15,21,17,3,No,530
MERCEDES-BENZ,AMG,15,21,17,3,No,530
MERCEDES-BENZ,AMG,15,21,17,3,No,530
MERCEDES-BENZ,AMG,19,24,21,4,No,421
MERCEDES-BENZ,AMG,19,24,21,4,No,421
MERCEDES-BENZ,AMG,13,21,16,3,No,562
MERCEDES-BENZ,AMG,13,21,16,3,No,562
MERCEDES-BENZ,AMG,14,22,16,3,No,544
MERCEDES-BENZ,AMG,14,22,16,3,No,544
MERCEDES-BENZ,C300,21,29,24,5,No,370
MERCEDES-BENZ,C300,22,31,25,5,No,351
MERCEDES-BENZ,C300,21,29,24,5,No,370
MERCEDES-BENZ,C300,22,31,25,5,No,351
MERCEDES-BENZ,C300,25,36,29,6,No,308
MERCEDES-BENZ,C300,25,36,29,6,No,308
MERCEDES-BENZ,C300,21,30,25,5,No,358
MERCEDES-BENZ,C300,22,31,25,5,No,351
MERCEDES-BENZ,C300,21,30,25,5,No,358
MERCEDES-BENZ,C300,22,31,25,5,No,351
MERCEDES-BENZ,C300,24,33,27,5,No,323
MERCEDES-BENZ,C300,24,33,27,5,No,323
MERCEDES-BENZ,CLA250,25,36,29,6,No,309
MERCEDES-BENZ,CLA250,25,36,29,6,No,309
MERCEDES-BENZ,CLA250,24,33,27,5,No,322
MERCEDES-BENZ,CLA250,24,33,27,5,No,322
MERCEDES-BENZ,CLS450,22,30,25,5,No,357
MERCEDES-BENZ,CLS450,22,30,25,5,No,357
MERCEDES-BENZ,E350,23,31,26,5,No,342
MERCEDES-BENZ,E350,23,31,26,5,No,342
MERCEDES-BENZ,E350,21,30,24,5,No,364
MERCEDES-BENZ,E350,21,30,24,5,No,364
MERCEDES-BENZ,E450,23,30,25,5,No,352
MERCEDES-BENZ,E450,23,30,25,5,No,352
MERCEDES-BENZ,E450,23,31,26,5,No,343
MERCEDES-BENZ,E450,21,30,24,5,No,362
MERCEDES-BENZ,E450,23,31,26,5,No,343
MERCEDES-BENZ,E450,21,30,24,5,No,362
MERCEDES-BENZ,E450,21,28,24,5,No,374
MERCEDES-BENZ,E450,21,28,24,5,No,374
MERCEDES-BENZ,E450,22,29,24,5,No,362
MERCEDES-BENZ,E450,22,29,24,5,No,362
MERCEDES-BENZ,E450,22,29,25,5,No,360
MERCEDES-BENZ,E450,22,29,25,5,No,360
MERCEDES-BENZ,EQB,113,97,105,10,Elite,0
MERCEDES-BENZ,EQB,113,97,105,10,Elite,0
MERCEDES-BENZ,EQB,102,96,99,10,Elite,0
MERCEDES-BENZ,EQB,102,96,99,10,Elite,0
MERCEDES-BENZ,EQB,98,95,97,10,Elite,0
MERCEDES-BENZ,EQB,98,95,97,10,Elite,0
MERCEDES-BENZ,EQE,86,86,86,10,Elite,0
MERCEDES-BENZ,EQE,86,86,86,10,Elite,0
MERCEDES-BENZ,EQE,98,94,96,10,Elite,0
MERCEDES-BENZ,EQE,98,94,96,10,Elite,0
MERCEDES-BENZ,EQE,83,82,83,10,Elite,0
MERCEDES-BENZ,EQE,83,82,83,10,Elite,0
MERCEDES-BENZ,EQS,79,77,78,10,Elite,0
MERCEDES-BENZ,EQS,79,77,78,10,Elite,0
MERCEDES-BENZ,EQS,101,105,103,10,Elite,0
MERCEDES-BENZ,EQS,101,105,103,10,Elite,0
MERCEDES-BENZ,EQS,87,83,85,10,Elite,0
MERCEDES-BENZ,EQS,87,83,85,10,Elite,0
MERCEDES-BENZ,EQS,97,97,97,10,Elite,0
MERCEDES-BENZ,EQS,97,97,97,10,Elite,0
MERCEDES-BENZ,EQS,79,74,77,10,Elite,0
MERCEDES-BENZ,EQS,79,74,77,10,Elite,0
MERCEDES-BENZ,EQS,90,92,91,10,Elite,0
MERCEDES-BENZ,EQS,90,92,91,10,Elite,0
MERCEDES-BENZ,G550,13,16,14,2,No,617
MERCEDES-BENZ,G550,13,16,14,2,No,617
MERCEDES-BENZ,GLA,24,34,28,6,No,321
MERCEDES-BENZ,GLA,24,34,28,6,No,321
MERCEDES-BENZ,GLA250,23,32,26,5,No,337
MERCEDES-BENZ,GLA250,23,32,26,5,No,337
MERCEDES-BENZ,GLB,24,32,27,5,No,330
MERCEDES-BENZ,GLB,24,32,27,5,No,330
MERCEDES-BENZ,GLB,22,30,25,5,No,355
MERCEDES-BENZ,GLB,22,30,25,5,No,355
MERCEDES-BENZ,GLC,20,26,22,5,No,397
MERCEDES-BENZ,GLC,20,26,22,5,No,397
MERCEDES-BENZ,GLE,16,21,18,4,No,492
MERCEDES-BENZ,GLE,16,21,18,4,No,492
MERCEDES-BENZ,GLE350,20,25,22,5,No,401
MERCEDES-BENZ,GLE350,20,25,22,5,No,401
MERCEDES-BENZ,GLE350,20,24,21,4,No,413
MERCEDES-BENZ,GLE350,20,24,21,4,No,413
MERCEDES-BENZ,GLE450,20,25,22,5,No,394
MERCEDES-BENZ,GLE450,20,25,22,5,No,394
MERCEDES-BENZ,GLS450,18,23,20,4,No,433
MERCEDES-BENZ,GLS450,18,23,20,4,No,433
MERCEDES-BENZ,GLS580,16,21,18,4,No,499
MERCEDES-BENZ,GLS580,16,21,18,4,No,499
MERCEDES-BENZ,GLS600,15,20,17,3,No,528
MERCEDES-BENZ,GLS600,15,20,17,3,No,528
MERCEDES-BENZ,Metris,18,22,19,4,No,459
MERCEDES-BENZ,Metris,19,23,20,4,No,436
MERCEDES-BENZ,Metris,18,22,19,4,No,459
MERCEDES-BENZ,Metris,19,23,20,4,No,436
MERCEDES-BENZ,S500,20,28,23,5,No,388
MERCEDES-BENZ,S500,20,28,23,5,No,388
MERCEDES-BENZ,S580,16,25,19,4,No,459
MERCEDES-BENZ,S580,16,25,19,4,No,459
MERCEDES-BENZ,S580,15,25,18,4,No,491
MERCEDES-BENZ,S580,15,25,18,4,No,491
MINI,Cooper,29,38,32,6,No,273
MINI,Cooper,29,38,32,6,No,273
MINI,Cooper,27,37,31,6,No,284
MINI,Cooper,27,37,31,6,No,284
MINI,Cooper,26,32,28,6,No,311
MINI,Cooper,26,32,28,6,No,311
MINI,Cooper,23,31,26,5,No,336
MINI,Cooper,23,31,26,5,No,336
MINI,Cooper,29,38,32,6,No,273
MINI,Cooper,29,38,32,6,No,273
MINI,Cooper,27,37,31,6,No,284
MINI,Cooper,27,37,31,6,No,284
MINI,Cooper,25,35,29,6,No,307
MINI,Cooper,25,35,29,6,No,307
MINI,Cooper,22,32,25,5,No,349
MINI,Cooper,22,32,25,5,No,349
MINI,Cooper,23,32,27,5,No,332
MINI,Cooper,23,32,27,5,No,332
MINI,Cooper,27,36,30,6,No,293
MINI,Cooper,27,36,30,6,No,293
MINI,Cooper,23,33,27,5,No,329
MINI,Cooper,23,33,27,5,No,329
MINI,Cooper,24,33,28,6,No,321
MINI,Cooper,24,33,28,6,No,321
MINI,Cooper,23,31,26,5,No,341
MINI,Cooper,23,31,26,5,No,341
MINI,Cooper,28,38,31,6,No,280
MINI,Cooper,28,38,31,6,No,280
MINI,Cooper,23,33,27,5,No,331
MINI,Cooper,23,33,27,5,No,331
MINI,Cooper,29,30,29,8,No,175
MINI,Cooper,29,30,29,8,No,175
MINI,Cooper,119,100,110,10,Elite,0
MINI,Cooper,119,100,110,10,Elite,0
MINI,JCW,24,30,26,5,No,338
MINI,JCW,24,30,26,5,No,338
MINI,JCW,24,30,26,5,No,338
MINI,John,23,31,26,5,No,339
MINI,John,23,31,26,5,No,339
MINI,John,23,31,26,5,No,339
MINI,John,24,33,27,5,No,322
MINI,John,24,33,27,5,No,322
MINI,John,22,31,25,5,No,348
MINI,John,22,31,25,5,No,348
MINI,John,25,34,29,6,No,307
MINI,John,25,34,29,6,No,307
MITSUBISHI,Eclipse,25,28,26,5,No,338
MITSUBISHI,Eclipse,25,28,26,5,No,338
MITSUBISHI,Eclipse,25,26,25,5,No,347
MITSUBISHI,Eclipse,25,26,25,5,No,347
MITSUBISHI,Eclipse,26,29,27,5,No,327
MITSUBISHI,Eclipse,26,29,27,5,No,327
MITSUBISHI,Eclipse,25,28,26,5,No,337
MITSUBISHI,Eclipse,25,28,26,5,No,337
MITSUBISHI,Mirage,36,43,39,7,No,225
MITSUBISHI,Mirage,36,43,39,7,No,225
MITSUBISHI,Mirage,33,41,36,7,No,242
MITSUBISHI,Mirage,33,41,36,7,No,242
MITSUBISHI,Mirage,35,41,37,7,No,235
MITSUBISHI,Mirage,35,41,37,7,No,235
MITSUBISHI,Mirage,33,40,35,7,No,252
MITSUBISHI,Mirage,33,40,35,7,No,252
MITSUBISHI,Outlander,24,31,27,5,No,332
MITSUBISHI,Outlander,24,31,27,5,No,332
MITSUBISHI,Outlander,24,30,26,5,No,342
MITSUBISHI,Outlander,24,30,26,5,No,342
MITSUBISHI,Outlander,25,27,26,10,Yes,115
MITSUBISHI,Outlander,25,27,26,10,Yes,115
MITSUBISHI,Outlander,24,30,27,5,No,333
MITSUBISHI,Outlander,24,30,27,5,No,333
MITSUBISHI,Outlander,23,29,26,5,No,343
MITSUBISHI,Outlander,23,29,26,5,No,343
MITSUBISHI,Outlander,23,29,25,5,No,354
MITSUBISHI,Outlander,23,29,25,5,No,354
MITSUBISHI,Outlander,23,28,25,5,No,350
MITSUBISHI,Outlander,23,28,25,5,No,350
McLAREN,Artura,17,21,18,6,No,319
McLAREN,Artura,17,21,18,6,No,319
NISSAN,ARIYA,109,94,101,10,Elite,0
NISSAN,ARIYA,109,94,101,10,Elite,0
NISSAN,ARIYA,105,91,98,10,Elite,0
NISSAN,ARIYA,105,91,98,10,Elite,0
NISSAN,ARIYA,111,95,103,10,Elite,0
NISSAN,ARIYA,111,95,103,10,Elite,0
NISSAN,Altima,27,39,32,6,No,282
NISSAN,Altima,27,39,32,6,No,282
NISSAN,Altima,26,36,30,6,No,300
NISSAN,Altima,26,36,30,6,No,300
NISSAN,Altima,27,37,31,6,No,287
NISSAN,Altima,27,37,31,6,No,287
NISSAN,Altima,25,34,29,6,No,311
NISSAN,Altima,25,34,29,6,No,311
NISSAN,Armada,14,19,16,3,No,558
NISSAN,Armada,14,19,16,3,No,558
NISSAN,Armada,14,19,16,3,No,558
NISSAN,Armada,14,19,16,3,No,558
NISSAN,Armada,13,18,15,2,No,592
NISSAN,Armada,13,18,15,2,No,594
NISSAN,Armada,13,18,15,2,No,592
NISSAN,Armada,13,18,15,2,No,594
NISSAN,Armada,13,18,15,2,No,592
NISSAN,Armada,13,18,15,2,No,594
NISSAN,Armada,13,18,15,2,No,592
NISSAN,Armada,13,18,15,2,No,594
NISSAN,Frontier,18,24,20,4,No,444
NISSAN,Frontier,18,24,21,4,No,437
NISSAN,Frontier,18,24,20,4,No,444
NISSAN,Frontier,18,24,21,4,No,437
NISSAN,Frontier,17,22,19,4,No,468
NISSAN,Frontier,18,23,20,4,No,438
NISSAN,Frontier,17,22,19,4,No,468
NISSAN,Frontier,18,23,20,4,No,438
NISSAN,Frontier,17,22,19,4,No,472
NISSAN,Frontier,18,22,19,4,No,469
NISSAN,Frontier,17,22,19,4,No,472
NISSAN,Frontier,18,22,19,4,No,469
NISSAN,GT-R,16,22,18,4,No,493
NISSAN,GT-R,16,22,18,4,No,493
NISSAN,Kicks,31,36,33,6,No,269
NISSAN,Kicks,31,36,33,6,No,269
NISSAN,Leaf,123,99,111,10,Elite,0
NISSAN,Leaf,123,99,111,10,Elite,0
NISSAN,Leaf,121,98,109,10,Elite,0
NISSAN,Leaf,121,98,109,10,Elite,0
NISSAN,Maxima,20,30,24,5,No,371
NISSAN,Maxima,20,30,24,5,No,371
NISSAN,Murano,20,28,23,5,No,387
NISSAN,Murano,20,28,23,5,No,387
NISSAN,Murano,20,28,23,5,No,391
NISSAN,Murano,20,28,23,5,No,391
NISSAN,Pathfinder,20,27,23,5,No,390
NISSAN,Pathfinder,20,27,23,5,No,390
NISSAN,Pathfinder,21,27,23,5,No,379
NISSAN,Pathfinder,21,27,23,5,No,379
NISSAN,Pathfinder,20,23,21,4,No,418
NISSAN,Pathfinder,20,23,21,4,No,418
NISSAN,Pathfinder,20,25,22,5,No,396
NISSAN,Pathfinder,20,25,22,5,No,396
NISSAN,Rogue,30,37,33,6,No,271
NISSAN,Rogue,30,37,33,6,No,271
NISSAN,Rogue,30,37,33,6,No,269
NISSAN,Rogue,30,37,33,6,No,269
NISSAN,Rogue,28,35,31,6,No,287
NISSAN,Rogue,28,35,31,6,No,287
NISSAN,Rogue,28,35,31,6,No,287
NISSAN,Rogue,28,35,31,6,No,287
NISSAN,Rogue,29,36,32,6,No,278
NISSAN,Rogue,29,36,32,6,No,278
NISSAN,Rogue,29,36,32,6,No,278
NISSAN,Rogue,29,36,32,6,No,278
NISSAN,Rogue,28,34,31,6,No,288
NISSAN,Rogue,28,34,31,6,No,288
NISSAN,Rogue,28,34,31,6,No,287
NISSAN,Rogue,28,34,31,6,No,287
NISSAN,Titan,16,21,18,4,No,503
NISSAN,Titan,16,21,18,4,No,503
NISSAN,Titan,15,21,18,4,No,505
NISSAN,Titan,15,21,18,4,No,505
NISSAN,Titan,15,20,17,3,No,517
NISSAN,Titan,15,20,17,3,No,517
NISSAN,Versa,32,40,35,7,Yes,254
NISSAN,Versa,32,40,35,7,Yes,254
NISSAN,Versa,27,35,30,6,No,296
NISSAN,Versa,27,35,30,6,No,296
NISSAN,Z,18,24,20,4,No,435
NISSAN,Z,18,24,20,4,No,435
NISSAN,Z,19,28,22,5,No,405
NISSAN,Z,19,28,22,5,No,405
POLESTAR,2,105,96,100,10,Elite,0
POLESTAR,2,105,96,100,10,Elite,0
POLESTAR,2,113,100,107,10,Elite,0
POLESTAR,2,113,100,107,10,Elite,0
POLESTAR,Polestar,98,91,96,10,Elite,0
POLESTAR,Polestar,98,91,96,10,Elite,0
POLESTAR,Polestar,105,96,100,10,Elite,0
POLESTAR,Polestar,105,96,100,10,Elite,0
PORSCHE,718,21,27,24,5,No,375
PORSCHE,718,21,27,24,5,No,375
PORSCHE,718,20,25,22,5,No,409
PORSCHE,718,20,25,22,5,No,409
PORSCHE,718,19,24,21,4,No,418
PORSCHE,718,19,24,21,4,No,418
PORSCHE,718,17,24,19,4,No,458
PORSCHE,718,17,24,19,4,No,458
PORSCHE,718,19,25,22,5,No,410
PORSCHE,718,19,25,22,5,No,410
PORSCHE,718,19,24,21,4,No,423
PORSCHE,718,19,24,21,4,No,423
PORSCHE,718,21,27,23,5,No,380
PORSCHE,718,21,27,23,5,No,380
PORSCHE,718,20,26,22,5,No,394
PORSCHE,718,20,26,22,5,No,394
PORSCHE,718,21,27,24,5,No,375
PORSCHE,718,21,27,24,5,No,375
PORSCHE,718,20,25,22,5,No,409
PORSCHE,718,20,25,22,5,No,409
PORSCHE,718,18,24,20,4,No,436
PORSCHE,718,18,24,20,4,No,436
PORSCHE,718,17,23,19,4,No,462
PORSCHE,718,17,23,19,4,No,462
PORSCHE,718,19,24,21,4,No,418
PORSCHE,718,19,24,21,4,No,418
PORSCHE,718,17,24,19,4,No,458
PORSCHE,718,17,24,19,4,No,458
PORSCHE,718,19,25,22,5,No,410
PORSCHE,718,19,25,22,5,No,410
PORSCHE,718,19,24,21,4,No,423
PORSCHE,718,19,24,21,4,No,423
PORSCHE,718,21,27,23,5,No,380
PORSCHE,718,21,27,23,5,No,380
PORSCHE,718,20,26,22,5,No,394
PORSCHE,718,20,26,22,5,No,394
PORSCHE,718,15,19,16,3,No,544
PORSCHE,718,15,19,16,3,No,544
PORSCHE,718,18,24,20,4,No,436
PORSCHE,718,18,24,20,4,No,436
PORSCHE,718,17,23,19,4,No,462
PORSCHE,718,17,23,19,4,No,462
PORSCHE,911,18,24,20,4,No,443
PORSCHE,911,18,24,20,4,No,443
PORSCHE,911,18,24,20,4,No,442
PORSCHE,911,18,24,20,4,No,442
PORSCHE,911,18,24,20,4,No,443
PORSCHE,911,18,24,20,4,No,443
PORSCHE,911,17,23,19,4,No,464
PORSCHE,911,17,23,19,4,No,464
PORSCHE,911,17,23,19,4,No,465
PORSCHE,911,17,23,19,4,No,465
PORSCHE,911,17,22,19,4,No,463
PORSCHE,911,17,22,19,4,No,463
PORSCHE,911,16,23,19,4,No,477
PORSCHE,911,16,23,19,4,No,477
PORSCHE,911,18,23,20,4,No,443
PORSCHE,911,18,23,20,4,No,443
PORSCHE,911,17,25,20,4,No,442
PORSCHE,911,17,25,20,4,No,442
PORSCHE,911,18,23,20,4,No,439
PORSCHE,911,18,23,20,4,No,439
PORSCHE,911,17,24,20,4,No,452
PORSCHE,911,17,24,20,4,No,452
PORSCHE,911,18,24,20,4,No,443
PORSCHE,911,18,24,20,4,No,443
PORSCHE,911,17,23,19,4,No,465
PORSCHE,911,17,23,19,4,No,465
PORSCHE,911,17,24,20,4,No,444
PORSCHE,911,17,24,20,4,No,444
PORSCHE,911,17,23,19,4,No,465
PORSCHE,911,17,23,19,4,No,465
PORSCHE,911,17,24,20,4,No,448
PORSCHE,911,17,24,20,4,No,448
PORSCHE,911,18,23,20,4,No,441
PORSCHE,911,18,23,20,4,No,441
PORSCHE,911,18,25,21,4,No,425
PORSCHE,911,18,25,21,4,No,425
PORSCHE,911,18,23,20,4,No,439
PORSCHE,911,18,23,20,4,No,439
PORSCHE,911,17,25,20,4,No,443
PORSCHE,911,17,25,20,4,No,443
PORSCHE,911,15,18,16,3,No,538
PORSCHE,911,15,18,16,3,No,538
PORSCHE,911,14,18,16,3,No,571
PORSCHE,911,14,18,16,3,No,571
PORSCHE,911,15,18,16,3,No,539
PORSCHE,911,15,18,16,3,No,539
PORSCHE,911,14,18,16,3,No,570
PORSCHE,911,14,18,16,3,No,570
PORSCHE,911,15,21,17,3,No,516
PORSCHE,911,15,21,17,3,No,516
PORSCHE,911,18,24,20,4,No,442
PORSCHE,911,18,24,20,4,No,442
PORSCHE,911,17,22,19,4,No,461
PORSCHE,911,17,22,19,4,No,461
PORSCHE,911,16,23,19,4,No,477
PORSCHE,911,16,23,19,4,No,477
PORSCHE,911,18,23,20,4,No,442
PORSCHE,911,18,23,20,4,No,442
PORSCHE,911,17,24,20,4,No,447
PORSCHE,911,17,24,20,4,No,447
PORSCHE,911,15,20,17,3,No,516
PORSCHE,911,15,20,17,3,No,516
PORSCHE,911,15,20,17,3,No,521
PORSCHE,911,15,20,17,3,No,521
PORSCHE,911,15,20,17,3,No,517
PORSCHE,911,15,20,17,3,No,517
PORSCHE,911,15,20,17,3,No,528
PORSCHE,911,15,20,17,3,No,528
PORSCHE,Cayenne,17,22,19,4,No,466
PORSCHE,Cayenne,17,22,19,4,No,466
PORSCHE,Cayenne,15,19,17,3,No,525
PORSCHE,Cayenne,15,19,17,3,No,533
PORSCHE,Cayenne,15,19,17,3,No,525
PORSCHE,Cayenne,15,19,17,3,No,533
PORSCHE,Cayenne,16,21,18,4,No,490
PORSCHE,Cayenne,16,22,18,4,No,494
PORSCHE,Cayenne,16,21,18,4,No,490
PORSCHE,Cayenne,16,22,18,4,No,494
PORSCHE,Cayenne,14,19,16,3,No,553
PORSCHE,Cayenne,15,20,17,3,No,531
PORSCHE,Cayenne,14,19,16,3,No,553
PORSCHE,Cayenne,15,20,17,3,No,531
PORSCHE,Cayenne,14,19,16,3,No,555
PORSCHE,Cayenne,14,19,16,3,No,555
PORSCHE,Cayenne,17,20,18,6,No,320
PORSCHE,Cayenne,17,20,18,6,No,320
PORSCHE,Macan,19,25,21,4,No,424
PORSCHE,Macan,19,25,21,4,No,424
PORSCHE,Macan,17,22,19,4,No,466
PORSCHE,Macan,17,22,19,4,No,466
PORSCHE,Macan,17,23,19,4,No,466
PORSCHE,Macan,17,23,19,4,No,466
PORSCHE,Macan,19,25,21,4,No,417
PORSCHE,Macan,19,25,21,4,No,417
PORSCHE,Panamera,18,24,20,4,No,441
PORSCHE,Panamera,18,24,20,4,No,441
PORSCHE,Panamera,18,24,20,4,No,441
PORSCHE,Panamera,18,24,20,4,No,441
PORSCHE,Panamera,21,24,22,7,No,232
PORSCHE,Panamera,21,24,22,7,No,232
PORSCHE,Panamera,17,23,19,4,No,465
PORSCHE,Panamera,17,23,19,4,No,465
PORSCHE,Panamera,18,23,20,4,No,441
PORSCHE,Panamera,18,23,20,4,No,441
PORSCHE,Panamera,18,24,20,4,No,445
PORSCHE,Panamera,18,24,20,4,No,445
PORSCHE,Panamera,21,23,22,7,No,236
PORSCHE,Panamera,21,23,22,7,No,236
PORSCHE,Panamera,17,23,19,4,No,469
PORSCHE,Panamera,17,23,19,4,No,469
PORSCHE,Panamera,17,23,19,4,No,469
PORSCHE,Panamera,17,23,19,4,No,469
PORSCHE,Panamera,15,21,17,3,No,520
PORSCHE,Panamera,15,21,17,3,No,520
PORSCHE,Panamera,15,20,17,3,No,520
PORSCHE,Panamera,15,20,17,3,No,520
PORSCHE,Panamera,15,21,17,3,No,525
PORSCHE,Panamera,15,21,17,3,No,525
PORSCHE,Panamera,18,22,19,6,No,274
PORSCHE,Panamera,18,22,19,6,No,274
PORSCHE,Taycan,80,80,80,10,Elite,0
PORSCHE,Taycan,80,80,80,10,Elite,0
PORSCHE,Taycan,78,78,78,10,Elite,0
PORSCHE,Taycan,78,78,78,10,Elite,0
PORSCHE,Taycan,79,81,80,10,Elite,0
PORSCHE,Taycan,79,81,80,10,Elite,0
PORSCHE,Taycan,82,82,82,10,Elite,0
PORSCHE,Taycan,82,82,82,10,Elite,0
PORSCHE,Taycan,83,82,83,10,Elite,0
PORSCHE,Taycan,83,82,83,10,Elite,0
PORSCHE,Taycan,80,80,80,10,Elite,0
PORSCHE,Taycan,80,80,80,10,Elite,0
PORSCHE,Taycan,78,88,82,10,Elite,0
PORSCHE,Taycan,78,88,82,10,Elite,0
PORSCHE,Taycan,79,88,83,10,Elite,0
PORSCHE,Taycan,79,88,83,10,Elite,0
PORSCHE,Taycan,81,80,81,10,Elite,0
PORSCHE,Taycan,81,80,81,10,Elite,0
PORSCHE,Taycan,80,78,79,10,Elite,0
PORSCHE,Taycan,80,78,79,10,Elite,0
PORSCHE,Taycan,76,74,75,10,Elite,0
PORSCHE,Taycan,76,74,75,10,Elite,0
PORSCHE,Taycan,76,74,75,10,Elite,0
PORSCHE,Taycan,76,74,75,10,Elite,0
RAM,1500,21,29,24,4,No,418
RAM,1500,21,29,24,4,No,418
RAM,1500,20,25,22,5,No,407
RAM,1500,20,25,22,5,No,407
RAM,1500,19,24,21,4,No,417
RAM,1500,19,24,21,4,No,417
RAM,1500,18,23,20,4,No,443
RAM,1500,18,23,20,4,No,443
RAM,1500,17,22,19,4,No,457
RAM,1500,17,22,19,4,No,457
RAM,1500,17,25,20,4,No,444
RAM,1500,17,25,20,4,No,444
RAM,1500,16,23,19,4,No,474
RAM,1500,16,23,19,4,No,474
RAM,1500,15,21,17,3,No,523
RAM,1500,15,21,17,3,No,523
RAM,1500,15,20,17,3,No,528
RAM,1500,15,20,17,3,No,528
RAM,1500,20,26,23,5,No,394
RAM,1500,20,26,23,5,No,394
RAM,1500,10,14,12,1,No,748
RAM,1500,10,14,12,1,No,748
RIVIAN,R1S,69,60,64,10,Elite,0
RIVIAN,R1S,69,60,64,10,Elite,0
RIVIAN,R1S,75,66,71,10,Elite,0
RIVIAN,R1S,75,66,71,10,Elite,0
RIVIAN,R1S,73,63,68,10,Elite,0
RIVIAN,R1S,73,63,68,10,Elite,0
RIVIAN,R1T,69,60,64,10,Elite,0
RIVIAN,R1T,69,60,64,10,Elite,0
RIVIAN,R1T,76,69,73,10,Elite,0
RIVIAN,R1T,76,69,73,10,Elite,0
RIVIAN,R1T,73,63,68,10,Elite,0
RIVIAN,R1T,73,63,68,10,Elite,0
ROLLS-ROYCE,Cullinan,12,19,14,2,No,626
ROLLS-ROYCE,Cullinan,12,19,14,2,No,626
ROLLS-ROYCE,Cullinan,12,19,14,2,No,626
ROLLS-ROYCE,Cullinan,12,19,14,2,No,626
ROLLS-ROYCE,Ghost,12,19,14,2,No,624
ROLLS-ROYCE,Ghost,12,19,14,2,No,624
ROLLS-ROYCE,Ghost,12,19,14,2,No,624
ROLLS-ROYCE,Ghost,12,19,14,2,No,624
ROLLS-ROYCE,Ghost,12,19,14,2,No,624
ROLLS-ROYCE,Ghost,12,19,14,2,No,624
ROLLS-ROYCE,Phantom,12,18,14,2,No,639
ROLLS-ROYCE,Phantom,12,18,14,2,No,639
ROLLS-ROYCE,Phantom,12,18,14,2,No,639
ROLLS-ROYCE,Phantom,12,18,14,2,No,639
SUBARU,Ascent,20,26,22,5,No,398
SUBARU,Ascent,20,26,22,5,No,398
SUBARU,Ascent,19,25,21,4,No,419
SUBARU,Ascent,19,25,21,4,No,419
SUBARU,BRZ,20,27,22,5,No,398
SUBARU,BRZ,20,27,22,5,No,398
SUBARU,BRZ,21,30,25,5,No,362
SUBARU,BRZ,21,30,25,5,No,362
SUBARU,Crosstrek,22,29,25,5,No,355
SUBARU,Crosstrek,22,29,25,5,No,355
SUBARU,Crosstrek,28,33,30,6,No,297
SUBARU,Crosstrek,28,33,30,6,No,297
SUBARU,Crosstrek,27,34,29,6,No,303
SUBARU,Crosstrek,27,34,29,6,No,303
SUBARU,Crosstrek,36,35,35,9,Yes,151
SUBARU,Crosstrek,36,35,35,9,No,151
SUBARU,Forester,26,33,29,6,No,310
SUBARU,Forester,26,33,29,6,No,310
SUBARU,Forester,25,28,26,5,No,338
SUBARU,Forester,25,28,26,5,No,338
SUBARU,Impreza,23,31,26,5,No,337
SUBARU,Impreza,24,31,26,5,No,335
SUBARU,Impreza,23,31,26,5,No,337
SUBARU,Impreza,24,31,26,5,No,335
SUBARU,Impreza,28,36,32,6,No,280
SUBARU,Impreza,28,36,31,6,No,285
SUBARU,Impreza,28,36,32,6,No,280
SUBARU,Impreza,28,36,31,6,No,285
SUBARU,Impreza,27,36,30,6,No,291
SUBARU,Impreza,27,36,30,6,No,291
SUBARU,Impreza,22,30,25,5,No,351
SUBARU,Impreza,22,30,25,5,No,351
SUBARU,Impreza,27,35,30,6,No,292
SUBARU,Impreza,27,35,30,6,No,292
SUBARU,Legacy,23,31,26,5,No,337
SUBARU,Legacy,23,31,26,5,No,337
SUBARU,Legacy,27,35,30,6,No,295
SUBARU,Legacy,27,35,30,6,No,295
SUBARU,Outback,22,29,25,5,No,356
SUBARU,Outback,22,29,25,5,No,356
SUBARU,Outback,26,32,28,6,No,314
SUBARU,Outback,26,32,28,6,No,314
SUBARU,Outback,21,26,23,5,No,378
SUBARU,Outback,21,26,23,5,No,378
SUBARU,Solterra,114,94,104,10,Elite,0
SUBARU,Solterra,114,94,104,10,Elite,0
SUBARU,Solterra,111,93,102,10,Elite,0
SUBARU,Solterra,111,93,102,10,Elite,0
SUBARU,WRX,19,26,22,5,No,407
SUBARU,WRX,19,26,22,5,No,407
SUBARU,WRX,19,25,21,4,No,419
SUBARU,WRX,19,25,21,4,No,419
TESLA,Model,138,126,132,10,Elite,0
TESLA,Model,138,126,132,10,Elite,0
TESLA,Model,134,126,131,10,Elite,0
TESLA,Model,134,126,131,10,Elite,0
TESLA,Model,118,107,113,10,Elite,0
TESLA,Model,118,107,113,10,Elite,0
TESLA,Model,124,115,120,10,Elite,0
TESLA,Model,124,115,120,10,Elite,0
TESLA,Model,107,97,102,10,Elite,0
TESLA,Model,107,97,102,10,Elite,0
TESLA,Model,103,93,98,10,Elite,0
TESLA,Model,103,93,98,10,Elite,0
TESLA,Model,94,88,91,10,Elite,0
TESLA,Model,94,88,91,10,Elite,0
TESLA,Model,129,116,123,10,Elite,0
TESLA,Model,129,116,123,10,Elite,0
TESLA,Model,127,117,122,10,Elite,0
TESLA,Model,127,117,122,10,Elite,0
TESLA,Model,115,106,111,10,Elite,0
TESLA,Model,115,106,111,10,Elite,0
TOYOTA,4Runner,16,19,17,3,No,503
TOYOTA,4Runner,16,19,17,3,No,503
TOYOTA,4Runner,16,19,17,3,No,515
TOYOTA,4Runner,16,19,17,3,No,519
TOYOTA,4Runner,16,19,17,3,No,515
TOYOTA,4Runner,16,19,17,3,No,519
TOYOTA,Camry,22,33,26,5,No,338
TOYOTA,Camry,22,33,26,5,No,338
TOYOTA,Camry,51,53,52,9,Yes,170
TOYOTA,Camry,51,53,52,9,Yes,170
TOYOTA,Camry,44,47,46,8,Yes,195
TOYOTA,Camry,44,47,46,8,Yes,195
TOYOTA,Camry,28,39,32,6,No,280
TOYOTA,Camry,28,39,32,6,No,280
TOYOTA,Camry,25,34,29,6,No,310
TOYOTA,Camry,25,34,29,6,No,310
TOYOTA,Camry,22,31,25,5,No,354
TOYOTA,Camry,22,31,25,5,No,354
TOYOTA,Camry,27,38,31,6,No,286
TOYOTA,Camry,27,38,31,6,No,286
TOYOTA,Camry,25,34,28,6,No,315
TOYOTA,Camry,25,34,28,6,No,315
TOYOTA,Camry,22,32,26,5,No,345
TOYOTA,Camry,22,32,26,5,No,345
TOYOTA,Corolla,31,40,34,7,Yes,258
TOYOTA,Corolla,32,41,35,7,Yes,254
TOYOTA,Corolla,31,40,34,7,Yes,258
TOYOTA,Corolla,32,41,35,7,Yes,254
TOYOTA,Corolla,31,33,32,6,No,275
TOYOTA,Corolla,31,33,32,6,No,275
TOYOTA,Corolla,29,32,30,6,No,293
TOYOTA,Corolla,29,32,30,6,No,293
TOYOTA,Corolla,32,41,35,7,Yes,252
TOYOTA,Corolla,32,41,35,7,Yes,252
TOYOTA,Corolla,30,38,33,6,No,266
TOYOTA,Corolla,30,38,33,6,No,266
TOYOTA,Corolla,50,43,47,8,Yes,186
TOYOTA,Corolla,53,46,50,8,Yes,178
TOYOTA,Corolla,50,43,47,8,Yes,186
TOYOTA,Corolla,53,46,50,8,Yes,178
TOYOTA,Corolla,47,41,44,8,Yes,199
TOYOTA,Corolla,51,44,48,8,Yes,189
TOYOTA,Corolla,47,41,44,8,Yes,199
TOYOTA,Corolla,51,44,48,8,Yes,189
TOYOTA,GR,21,28,24,5,No,368
TOYOTA,GR,21,28,24,5,No,368
TOYOTA,GR86,20,27,22,5,No,397
TOYOTA,GR86,20,27,22,5,No,397
TOYOTA,GR86,21,31,25,5,No,360
TOYOTA,GR86,21,31,25,5,No,360
TOYOTA,Highlander,21,28,24,5,No,370
TOYOTA,Highlander,22,29,25,5,No,359
TOYOTA,Highlander,21,28,24,5,No,370
TOYOTA,Highlander,22,29,25,5,No,359
TOYOTA,Highlander,21,28,24,5,No,371
TOYOTA,Highlander,21,28,24,5,No,371
TOYOTA,Highlander,36,35,36,7,Yes,245
TOYOTA,Highlander,36,35,36,7,Yes,245
TOYOTA,Highlander,35,35,35,7,Yes,254
TOYOTA,Highlander,35,35,35,7,Yes,254
TOYOTA,Highlander,35,34,35,7,Yes,253
TOYOTA,Highlander,35,34,35,7,Yes,253
TOYOTA,Mirai,76,71,74,10,Elite,0
TOYOTA,Mirai,76,71,74,10,Elite,0
TOYOTA,Mirai,67,64,65,10,Elite,0
TOYOTA,Mirai,67,64,65,10,Elite,0
TOYOTA,Mirai,76,71,74,10,Elite,0
TOYOTA,Mirai,76,71,74,10,Elite,0
TOYOTA,Prius,57,56,57,9,Yes,155
TOYOTA,Prius,57,56,57,9,Yes,155
TOYOTA,Prius,53,54,54,9,Yes,163
TOYOTA,Prius,53,54,54,9,Yes,163
TOYOTA,Prius,52,52,52,9,Yes,169
TOYOTA,Prius,52,52,52,9,Yes,169
TOYOTA,Prius,49,50,49,8,Yes,179
TOYOTA,Prius,49,50,49,8,Yes,179
TOYOTA,RAV4,27,34,30,6,No,292
TOYOTA,RAV4,27,35,30,6,No,296
TOYOTA,RAV4,27,34,30,6,No,292
TOYOTA,RAV4,27,35,30,6,No,296
TOYOTA,RAV4,25,33,28,6,No,319
TOYOTA,RAV4,27,33,29,6,No,301
TOYOTA,RAV4,25,33,28,6,No,319
TOYOTA,RAV4,27,33,29,6,No,301
TOYOTA,RAV4,41,38,40,7,Yes,223
TOYOTA,RAV4,41,38,40,7,Yes,223
TOYOTA,RAV4,38,35,37,7,Yes,240
TOYOTA,RAV4,38,35,37,7,Yes,240
TOYOTA,RAV4,27,34,30,6,No,296
TOYOTA,RAV4,27,34,30,6,No,296
TOYOTA,RAV4,40,36,38,10,Yes,72
TOYOTA,RAV4,40,36,38,10,Yes,72
TOYOTA,RAV4,25,32,28,6,No,323
TOYOTA,RAV4,25,32,28,6,No,323
TOYOTA,Sequoia,21,24,22,5,No,395
TOYOTA,Sequoia,21,24,22,5,No,395
TOYOTA,Sequoia,19,22,20,4,No,437
TOYOTA,Sequoia,19,22,20,4,No,437
TOYOTA,Sienna,36,36,36,7,Yes,246
TOYOTA,Sienna,36,36,36,7,Yes,246
TOYOTA,Sienna,35,36,35,7,Yes,253
TOYOTA,Sienna,35,36,35,7,Yes,253
TOYOTA,Supra,25,31,27,5,No,322
TOYOTA,Supra,25,31,27,5,No,322
TOYOTA,Supra,19,27,21,4,No,411
TOYOTA,Supra,19,27,21,4,No,411
TOYOTA,Supra,23,31,26,5,No,342
TOYOTA,Supra,23,31,26,5,No,342
TOYOTA,Tacoma,20,23,21,4,No,423
TOYOTA,Tacoma,20,23,21,4,No,423
TOYOTA,Tacoma,19,22,20,4,No,441
TOYOTA,Tacoma,19,22,20,4,No,441
TOYOTA,Tacoma,17,21,18,4,No,481
TOYOTA,Tacoma,17,21,18,4,No,481
TOYOTA,Tacoma,19,24,21,4,No,431
TOYOTA,Tacoma,19,24,21,4,No,431
TOYOTA,Tacoma,18,22,20,4,No,448
TOYOTA,Tacoma,18,22,20,4,No,448
TOYOTA,Tacoma,17,20,18,4,No,483
TOYOTA,Tacoma,17,20,18,4,No,483
TOYOTA,Toyota,29,32,30,6,No,293
TOYOTA,Toyota,29,32,30,6,No,293
TOYOTA,Toyota,42,41,41,8,Yes,214
TOYOTA,Toyota,42,41,41,8,Yes,214
TOYOTA,Tundra,20,24,22,5,No,408
TOYOTA,Tundra,20,24,22,5,No,408
TOYOTA,Tundra,18,23,20,4,No,441
TOYOTA,Tundra,18,24,20,4,No,441
TOYOTA,Tundra,18,23,20,4,No,441
TOYOTA,Tundra,18,24,20,4,No,441
TOYOTA,Tundra,19,22,20,4,No,437
TOYOTA,Tundra,19,22,20,4,No,437
TOYOTA,Tundra,17,22,19,4,No,460
TOYOTA,Tundra,17,23,19,4,No,459
TOYOTA,Tundra,17,22,19,4,No,460
TOYOTA,Tundra,17,23,19,4,No,459
TOYOTA,Tundra,18,20,19,4,No,461
TOYOTA,Tundra,18,20,19,4,No,461
TOYOTA,Venza,40,37,39,7,Yes,227
TOYOTA,Venza,40,37,39,7,Yes,227
TOYOTA,bZ4X,131,107,119,10,Elite,0
TOYOTA,bZ4X,131,107,119,10,Elite,0
TOYOTA,bZ4X,114,94,104,10,Elite,0
TOYOTA,bZ4X,114,94,104,10,Elite,0
TOYOTA,bZ4X,125,103,114,10,Elite,0
TOYOTA,bZ4X,125,103,114,10,Elite,0
TOYOTA,bZ4X,112,92,102,10,Elite,0
TOYOTA,bZ4X,112,92,102,10,Elite,0
VOLKSWAGEN,Atlas,21,25,23,5,No,387
VOLKSWAGEN,Atlas,21,25,23,5,No,387
VOLKSWAGEN,Atlas,18,24,20,4,No,445
VOLKSWAGEN,Atlas,18,24,20,4,No,445
VOLKSWAGEN,Atlas,20,24,22,5,No,411
VOLKSWAGEN,Atlas,20,24,22,5,No,411
VOLKSWAGEN,Atlas,18,23,20,4,No,450
VOLKSWAGEN,Atlas,18,23,20,4,No,450
VOLKSWAGEN,Atlas,21,25,23,5,No,391
VOLKSWAGEN,Atlas,21,25,23,5,No,391
VOLKSWAGEN,Atlas,18,24,20,4,No,435
VOLKSWAGEN,Atlas,18,24,20,4,No,435
VOLKSWAGEN,Atlas,20,24,22,5,No,412
VOLKSWAGEN,Atlas,20,24,22,5,No,412
VOLKSWAGEN,Atlas,18,24,20,4,No,443
VOLKSWAGEN,Atlas,18,24,20,4,No,443
VOLKSWAGEN,GLI,26,36,30,6,No,297
VOLKSWAGEN,GLI,26,36,30,6,No,297
VOLKSWAGEN,GLI,26,37,30,6,No,299
VOLKSWAGEN,GLI,26,37,30,6,No,299
VOLKSWAGEN,GTI,24,34,28,6,No,319
VOLKSWAGEN,GTI,24,34,28,6,No,319
VOLKSWAGEN,GTI,23,32,27,5,No,330
VOLKSWAGEN,GTI,23,32,27,5,No,330
VOLKSWAGEN,Golf-R,23,30,26,5,No,343
VOLKSWAGEN,Golf-R,23,30,26,5,No,343
VOLKSWAGEN,Golf-R,20,28,23,5,No,382
VOLKSWAGEN,Golf-R,20,28,23,5,No,382
VOLKSWAGEN,ID.4,115,99,107,10,Elite,0
VOLKSWAGEN,ID.4,115,99,107,10,Elite,0
VOLKSWAGEN,ID.4,104,93,99,10,Elite,0
VOLKSWAGEN,ID.4,104,93,99,10,Elite,0
VOLKSWAGEN,ID.4,104,93,99,10,Elite,0
VOLKSWAGEN,ID.4,104,93,99,10,Elite,0
VOLKSWAGEN,ID.4,115,98,107,10,Elite,0
VOLKSWAGEN,ID.4,115,98,107,10,Elite,0
VOLKSWAGEN,ID.4,115,98,107,10,Elite,0
VOLKSWAGEN,ID.4,115,98,107,10,Elite,0
VOLKSWAGEN,ID.4,115,99,107,10,Elite,0
VOLKSWAGEN,ID.4,115,99,107,10,Elite,0
VOLKSWAGEN,Jetta,29,42,34,7,Yes,265
VOLKSWAGEN,Jetta,31,41,35,7,Yes,256
VOLKSWAGEN,Jetta,29,40,33,6,No,268
VOLKSWAGEN,Taos,28,36,31,6,No,286
VOLKSWAGEN,Taos,25,32,28,6,No,321
VOLKSWAGEN,Taos,25,32,28,6,No,321
VOLKSWAGEN,Taos,25,32,28,6,No,321
VOLKSWAGEN,Tiguan,23,30,26,5,No,343
VOLKSWAGEN,Tiguan,23,30,26,5,No,343
VOLKSWAGEN,Tiguan,22,29,25,5,No,357
VOLKSWAGEN,Tiguan,22,29,25,5,No,357
VOLKSWAGEN,Tiguan,21,28,24,5,No,369
VOLKSWAGEN,Tiguan,21,28,24,5,No,369
VOLKSWAGEN,Tiguan,24,31,27,5,No,331
VOLKSWAGEN,Tiguan,24,31,27,5,No,331
VOLVO,C40,94,80,87,10,Elite,0
VOLVO,C40,94,80,87,10,Elite,0
VOLVO,S60,26,35,30,6,No,299
VOLVO,S60,26,35,30,6,No,299
VOLVO,S60,25,33,28,6,No,316
VOLVO,S60,25,33,28,6,No,316
VOLVO,S60,30,33,31,10,Yes,99
VOLVO,S60,30,33,31,10,Yes,99
VOLVO,S90,23,32,26,5,No,337
VOLVO,S90,23,32,26,5,No,337
VOLVO,S90,28,31,29,10,Yes,110
VOLVO,S90,28,31,29,10,Yes,110
VOLVO,V60,30,33,31,10,Yes,99
VOLVO,V60,30,33,31,10,Yes,99
VOLVO,V60CC,23,30,26,5,No,339
VOLVO,V60CC,23,30,26,5,No,339
VOLVO,V90CC,22,29,25,5,No,352
VOLVO,V90CC,22,29,25,5,No,352
VOLVO,XC40,24,32,27,5,No,330
VOLVO,XC40,24,32,27,5,No,330
VOLVO,XC40,23,30,26,5,No,345
VOLVO,XC40,23,30,26,5,No,345
VOLVO,XC40,92,79,85,10,Elite,0
VOLVO,XC40,92,79,85,10,Elite,0
VOLVO,XC60,23,30,26,5,No,342
VOLVO,XC60,23,30,26,5,No,342
VOLVO,XC60,23,29,25,5,No,353
VOLVO,XC60,23,29,25,5,No,353
VOLVO,XC60,21,27,23,5,No,375
VOLVO,XC60,21,27,23,5,No,375
VOLVO,XC60,28,28,28,10,Yes,122
VOLVO,XC60,28,28,28,10,Yes,122
VOLVO,XC90,22,28,25,5,No,358
VOLVO,XC90,22,28,25,5,No,358
VOLVO,XC90,20,26,22,5,No,401
VOLVO,XC90,20,26,22,5,No,401
VOLVO,XC90,26,27,27,9,Yes,137
VOLVO,XC90,26,27,27,9,Yes,137
